2012-12-31T00:00:00Z,2922.13,459
2013-01-01T00:00:00Z,1500.56,195
2013-02-01T00:00:00Z,4078.52,696
2013-03-01T00:00:00Z,4545.69,743
2013-04-01T00:00:00Z,4872.63,797
2013-05-01T00:00:00Z,2420.81,367
2013-06-01T00:00:00Z,1664.22,241
2013-07-01T00:00:00Z,3693.01,647
2013-08-01T00:00:00Z,3874.89,653
2013-09-01T00:00:00Z,4134.05,700
2013-10-01T00:00:00Z,4314.94,723
2013-11-01T00:00:00Z,4496.14,748
2013-12-01T00:00:00Z,2740.33,398
2013-01-13T00:00:00Z,1846.68,249
2013-01-14T00:00:00Z,3616.45,626
2013-01-15T00:00:00Z,4020.65,680
2013-01-16T00:00:00Z,4099.88,683
2013-01-17T00:00:00Z,4065.37,676
2013-01-18T00:00:00Z,4431.18,726
2013-01-19T00:00:00Z,2887.87,435
2013-01-20T00:00:00Z,1921.48,264
2013-01-21T00:00:00Z,3707.65,595
2013-01-22T00:00:00Z,3769.16,650
2013-01-23T00:00:00Z,3779.63,652
2013-01-24T00:00:00Z,4019.81,679
2013-01-25T00:00:00Z,4466.81,693
2013-01-26T00:00:00Z,2283.9,380
2013-01-27T00:00:00Z,1651.64,209
2013-01-28T00:00:00Z,3750.09,664
2013-01-29T00:00:00Z,3763.9,647
2013-01-30T00:00:00Z,3829.86,658
2013-01-31T00:00:00Z,4048.87,679
2013-01-02T00:00:00Z,4620.87,741
2013-02-02T00:00:00Z,2391.95,356
2013-03-02T00:00:00Z,1464.4,219
2013-04-02T00:00:00Z,3744.93,668
2013-05-02T00:00:00Z,3585.95,631
2013-06-02T00:00:00Z,3830.83,662
2013-07-02T00:00:00Z,4118.86,710
2013-08-02T00:00:00Z,4507.49,735
2013-09-02T00:00:00Z,2744.04,419
2013-10-02T00:00:00Z,1789.46,270
2013-11-02T00:00:00Z,3634.34,645
2013-12-02T00:00:00Z,3487.91,625
2013-02-13T00:00:00Z,4074.2,689
2013-02-14T00:00:00Z,3870.37,671
2013-02-15T00:00:00Z,4405.81,714
2013-02-16T00:00:00Z,2765.56,404
2013-02-17T00:00:00Z,2270.54,311
2013-02-18T00:00:00Z,4066.6,652
2013-02-19T00:00:00Z,4054.08,681
2013-02-20T00:00:00Z,4041.67,689
2013-02-21T00:00:00Z,4377.28,704
2013-02-22T00:00:00Z,3971.38,662
2013-02-23T00:00:00Z,2860.42,429
2013-02-24T00:00:00Z,1819.14,253
2013-02-25T00:00:00Z,3687.5,657
2013-02-26T00:00:00Z,4163.08,680
2013-02-27T00:00:00Z,4039.02,683
2013-02-28T00:00:00Z,4465.99,719
2013-01-03T00:00:00Z,4486.57,736
2013-02-03T00:00:00Z,2732.52,392
2013-03-03T00:00:00Z,2382.59,329
2013-04-03T00:00:00Z,3761.05,664
2013-05-03T00:00:00Z,3639.29,595
2013-06-03T00:00:00Z,3865.46,656
2013-07-03T00:00:00Z,3981.61,649
2013-08-03T00:00:00Z,4476.96,735
2013-09-03T00:00:00Z,2773.67,390
2013-10-03T00:00:00Z,2107.24,302
2013-11-03T00:00:00Z,3810.39,652
2013-12-03T00:00:00Z,4025.35,668
2013-03-13T00:00:00Z,3899.16,649
2013-03-14T00:00:00Z,4320.32,699
2013-03-15T00:00:00Z,4365.99,726
2013-03-16T00:00:00Z,2482.89,359
2013-03-17T00:00:00Z,2055.47,306
2013-03-18T00:00:00Z,3682.68,638
2013-03-19T00:00:00Z,3952.16,651
2013-03-20T00:00:00Z,3892.67,653
2013-03-21T00:00:00Z,3852.44,620
2013-03-22T00:00:00Z,4299.0,713
2013-03-23T00:00:00Z,2627.02,398
2013-03-24T00:00:00Z,1529.16,208
2013-03-25T00:00:00Z,3297.53,529
2013-03-26T00:00:00Z,3852.82,648
2013-03-27T00:00:00Z,3839.34,663
2013-03-28T00:00:00Z,4228.02,679
2013-03-29T00:00:00Z,4333.05,691
2013-03-30T00:00:00Z,2878.65,422
2013-03-31T00:00:00Z,1062.79,170
2013-01-04T00:00:00Z,3814.02,620
2013-02-04T00:00:00Z,4018.17,667
2013-03-04T00:00:00Z,4178.43,720
2013-04-04T00:00:00Z,3916.32,650
2013-05-04T00:00:00Z,4660.07,744
2013-06-04T00:00:00Z,2618.58,375
2013-07-04T00:00:00Z,1880.87,271
2013-08-04T00:00:00Z,3649.84,661
2013-09-04T00:00:00Z,4071.58,669
2013-10-04T00:00:00Z,4275.46,716
2013-11-04T00:00:00Z,4274.46,728
2013-12-04T00:00:00Z,4764.67,762
2013-04-13T00:00:00Z,2910.77,446
2013-04-14T00:00:00Z,2370.27,314
2013-04-15T00:00:00Z,4158.76,717
2013-04-16T00:00:00Z,4037.42,699
2013-04-17T00:00:00Z,4034.92,709
2013-04-18T00:00:00Z,4104.79,682
2013-04-19T00:00:00Z,5175.02,830
2013-04-20T00:00:00Z,2665.88,392
2013-04-21T00:00:00Z,2134.01,303
2013-04-22T00:00:00Z,3797.45,687
2013-04-23T00:00:00Z,4233.32,736
2013-04-24T00:00:00Z,4197.3,709
2013-04-25T00:00:00Z,4503.29,746
2013-04-26T00:00:00Z,5034.26,833
2013-04-27T00:00:00Z,3009.04,455
2013-04-28T00:00:00Z,1905.56,284
2013-04-29T00:00:00Z,3735.48,557
2013-04-30T00:00:00Z,4168.08,846
2013-01-05T00:00:00Z,4453.79,745
2013-02-05T00:00:00Z,4750.82,797
2013-03-05T00:00:00Z,4906.63,812
2013-04-05T00:00:00Z,3109.38,437
2013-05-05T00:00:00Z,2274.23,326
2013-06-05T00:00:00Z,3984.74,672
2013-07-05T00:00:00Z,4381.69,739
2013-08-05T00:00:00Z,4039.25,706
2013-09-05T00:00:00Z,4337.61,730
2013-10-05T00:00:00Z,4798.64,803
2013-11-05T00:00:00Z,2915.63,431
2013-12-05T00:00:00Z,1818.24,275
2013-05-13T00:00:00Z,4023.68,715
2013-05-14T00:00:00Z,3990.0,694
2013-05-15T00:00:00Z,4738.42,786
2013-05-16T00:00:00Z,4576.64,776
2013-05-17T00:00:00Z,4432.92,732
2013-05-18T00:00:00Z,2796.64,413
2013-05-19T00:00:00Z,2441.99,369
2013-05-20T00:00:00Z,4441.85,761
2013-05-21T00:00:00Z,4383.9,762
2013-05-22T00:00:00Z,4281.12,695
2013-05-23T00:00:00Z,4638.71,781
2013-05-24T00:00:00Z,4531.68,727
2013-05-25T00:00:00Z,2765.14,413
2013-05-26T00:00:00Z,2099.7,290
2013-05-27T00:00:00Z,1669.73,245
2013-05-28T00:00:00Z,4123.02,739
2013-05-29T00:00:00Z,4484.53,766
2013-05-30T00:00:00Z,4698.55,790
2013-05-31T00:00:00Z,5046.45,818
2013-01-06T00:00:00Z,3074.2,456
2013-02-06T00:00:00Z,1923.98,284
2013-03-06T00:00:00Z,4248.5,744
2013-04-06T00:00:00Z,4524.04,743
2013-05-06T00:00:00Z,5102.7,816
2013-06-06T00:00:00Z,4573.2,751
2013-07-06T00:00:00Z,5138.2,785
2013-08-06T00:00:00Z,2614.1,397
2013-09-06T00:00:00Z,2258.98,317
2013-10-06T00:00:00Z,4510.18,779
2013-11-06T00:00:00Z,4807.48,755
2013-12-06T00:00:00Z,4631.8,796
2013-06-13T00:00:00Z,4965.41,775
2013-06-14T00:00:00Z,5188.91,832
2013-06-15T00:00:00Z,3044.38,435
2013-06-16T00:00:00Z,1539.62,246
2013-06-17T00:00:00Z,4094.15,697
2013-06-18T00:00:00Z,4656.97,748
2013-06-19T00:00:00Z,4805.51,787
2013-06-20T00:00:00Z,4333.18,752
2013-06-21T00:00:00Z,5563.28,860
2013-06-22T00:00:00Z,2888.35,424
2013-06-23T00:00:00Z,2101.56,288
2013-06-24T00:00:00Z,4692.93,753
2013-06-25T00:00:00Z,4811.36,793
2013-06-26T00:00:00Z,4601.78,745
2013-06-27T00:00:00Z,4715.71,733
2013-06-28T00:00:00Z,5081.69,805
2013-06-29T00:00:00Z,2901.48,408
2013-06-30T00:00:00Z,2192.75,325
2013-01-07T00:00:00Z,4596.38,750
2013-02-07T00:00:00Z,4359.13,736
2013-03-07T00:00:00Z,4921.69,795
2013-04-07T00:00:00Z,1824.78,256
2013-05-07T00:00:00Z,3949.34,616
2013-06-07T00:00:00Z,2889.11,385
2013-07-07T00:00:00Z,2014.45,275
2013-08-07T00:00:00Z,4038.6,686
2013-09-07T00:00:00Z,4579.76,751
2013-10-07T00:00:00Z,5094.96,773
2013-11-07T00:00:00Z,5177.39,825
2013-12-07T00:00:00Z,5606.21,836
2013-07-13T00:00:00Z,2847.59,419
2013-07-14T00:00:00Z,2134.61,307
2013-07-15T00:00:00Z,4731.32,773
2013-07-16T00:00:00Z,4647.07,734
2013-07-17T00:00:00Z,4700.8,750
2013-07-18T00:00:00Z,5026.0,786
2013-07-19T00:00:00Z,5489.64,811
2013-07-20T00:00:00Z,3173.63,428
2013-07-21T00:00:00Z,2087.53,302
2013-07-22T00:00:00Z,4363.04,725
2013-07-23T00:00:00Z,4850.12,787
2013-07-24T00:00:00Z,4781.47,748
2013-07-25T00:00:00Z,4999.47,767
2013-07-26T00:00:00Z,5005.35,782
2013-07-27T00:00:00Z,2295.88,351
2013-07-28T00:00:00Z,1951.3,279
2013-07-29T00:00:00Z,4699.86,770
2013-07-30T00:00:00Z,4877.21,809
2013-07-31T00:00:00Z,4594.7,761
2013-01-08T00:00:00Z,5312.63,865
2013-02-08T00:00:00Z,5239.44,834
2013-03-08T00:00:00Z,2954.04,434
2013-04-08T00:00:00Z,2167.02,308
2013-05-08T00:00:00Z,4979.17,810
2013-06-08T00:00:00Z,4652.59,757
2013-07-08T00:00:00Z,4983.08,813
2013-08-08T00:00:00Z,4744.99,760
2013-09-08T00:00:00Z,5093.06,826
2013-10-08T00:00:00Z,3261.02,452
2013-11-08T00:00:00Z,2041.56,288
2013-12-08T00:00:00Z,4582.07,763
2013-08-13T00:00:00Z,4620.94,761
2013-08-14T00:00:00Z,4435.3,744
2013-08-15T00:00:00Z,4698.13,751
2013-08-16T00:00:00Z,5166.15,840
2013-08-17T00:00:00Z,2693.88,399
2013-08-18T00:00:00Z,2295.75,306
2013-08-19T00:00:00Z,3989.67,702
2013-08-20T00:00:00Z,4611.7,789
2013-08-21T00:00:00Z,4549.83,765
2013-08-22T00:00:00Z,4854.0,772
2013-08-23T00:00:00Z,5074.83,827
2013-08-24T00:00:00Z,3060.25,452
2013-08-25T00:00:00Z,2114.61,288
2013-08-26T00:00:00Z,4105.96,717
2013-08-27T00:00:00Z,4081.74,717
2013-08-28T00:00:00Z,4382.5,754
2013-08-29T00:00:00Z,4733.04,801
2013-08-30T00:00:00Z,4827.99,768
2013-08-31T00:00:00Z,2643.94,387
2013-01-09T00:00:00Z,1787.33,276
2013-02-09T00:00:00Z,1933.52,279
2013-03-09T00:00:00Z,4243.11,724
2013-04-09T00:00:00Z,4316.79,750
2013-05-09T00:00:00Z,4622.39,772
2013-06-09T00:00:00Z,4390.54,732
2013-07-09T00:00:00Z,2695.29,385
2013-08-09T00:00:00Z,1939.16,284
2013-09-09T00:00:00Z,4189.91,720
2013-10-09T00:00:00Z,4386.11,784
2013-11-09T00:00:00Z,3901.88,715
2013-12-09T00:00:00Z,4141.14,714
2013-09-13T00:00:00Z,5073.51,819
2013-09-14T00:00:00Z,2647.99,403
2013-09-15T00:00:00Z,2065.75,283
2013-09-16T00:00:00Z,4203.63,712
2013-09-17T00:00:00Z,4419.41,712
2013-09-18T00:00:00Z,4552.06,767
2013-09-19T00:00:00Z,4005.93,716
2013-09-20T00:00:00Z,4821.53,790
2013-09-21T00:00:00Z,2885.53,435
2013-09-22T00:00:00Z,2071.57,282
2013-09-23T00:00:00Z,4253.98,729
2013-09-24T00:00:00Z,4121.74,737
2013-09-25T00:00:00Z,4591.16,794
2013-09-26T00:00:00Z,4424.24,742
2013-09-27T00:00:00Z,4758.32,775
2013-09-28T00:00:00Z,2637.66,389
2013-09-29T00:00:00Z,1783.03,262
2013-09-30T00:00:00Z,4509.43,759
2013-01-10T00:00:00Z,4277.75,749
2013-02-10T00:00:00Z,4634.21,779
2013-03-10T00:00:00Z,4537.54,750
2013-04-10T00:00:00Z,5424.31,848
2013-05-10T00:00:00Z,2801.48,404
2013-06-10T00:00:00Z,2027.57,268
2013-07-10T00:00:00Z,4348.84,720
2013-08-10T00:00:00Z,4545.91,778
2013-09-10T00:00:00Z,4489.53,772
2013-10-10T00:00:00Z,4718.53,811
2013-11-10T00:00:00Z,5431.05,851
2013-12-10T00:00:00Z,2742.3,413
2013-10-13T00:00:00Z,2415.41,314
2013-10-14T00:00:00Z,4237.61,706
2013-10-15T00:00:00Z,4548.53,786
2013-10-16T00:00:00Z,4008.98,725
2013-10-17T00:00:00Z,4479.87,745
2013-10-18T00:00:00Z,5482.78,839
2013-10-19T00:00:00Z,2857.16,429
2013-10-20T00:00:00Z,1933.0,275
2013-10-21T00:00:00Z,4699.78,772
2013-10-22T00:00:00Z,4897.73,804
2013-10-23T00:00:00Z,4808.15,801
2013-10-24T00:00:00Z,4763.68,766
2013-10-25T00:00:00Z,5006.07,802
2013-10-26T00:00:00Z,3034.97,432
2013-10-27T00:00:00Z,2418.88,324
2013-10-28T00:00:00Z,4501.22,775
2013-10-29T00:00:00Z,4564.83,758
2013-10-30T00:00:00Z,4684.38,777
2013-10-31T00:00:00Z,4148.41,681
2013-01-11T00:00:00Z,5217.87,816
2013-02-11T00:00:00Z,3346.59,457
2013-03-11T00:00:00Z,2077.5,281
2013-04-11T00:00:00Z,4486.98,754
2013-05-11T00:00:00Z,4506.95,756
2013-06-11T00:00:00Z,4429.34,718
2013-07-11T00:00:00Z,4787.7,755
2013-08-11T00:00:00Z,5682.61,871
2013-09-11T00:00:00Z,3548.01,460
2013-10-11T00:00:00Z,2337.36,310
2013-11-11T00:00:00Z,4120.73,688
2013-12-11T00:00:00Z,4581.91,739
2013-11-13T00:00:00Z,4525.08,754
2013-11-14T00:00:00Z,4927.67,781
2013-11-15T00:00:00Z,5698.52,849
2013-11-16T00:00:00Z,2986.0,439
2013-11-17T00:00:00Z,2006.36,278
2013-11-18T00:00:00Z,4414.25,761
2013-11-19T00:00:00Z,4513.78,754
2013-11-20T00:00:00Z,5035.46,799
2013-11-21T00:00:00Z,5085.78,804
2013-11-22T00:00:00Z,5431.68,847
2013-11-23T00:00:00Z,3602.69,517
2013-11-24T00:00:00Z,2243.35,322
2013-11-25T00:00:00Z,4825.16,812
2013-11-26T00:00:00Z,4885.71,810
2013-11-27T00:00:00Z,5077.93,760
2013-11-29T00:00:00Z,3079.93,452
2013-11-30T00:00:00Z,3052.61,429
2013-01-12T00:00:00Z,2143.25,286
2013-02-12T00:00:00Z,4866.59,798
2013-03-12T00:00:00Z,4767.45,765
2013-04-12T00:00:00Z,4735.56,772
2013-05-12T00:00:00Z,4881.99,776
2013-06-12T00:00:00Z,4493.68,707
2013-07-12T00:00:00Z,3319.7,447
2013-08-12T00:00:00Z,2252.83,300
2013-09-12T00:00:00Z,4298.03,731
2013-10-12T00:00:00Z,4769.25,771
2013-11-12T00:00:00Z,4457.0,746
2013-12-12T00:00:00Z,5230.25,823
2013-12-13T00:00:00Z,5438.94,818
2013-12-14T00:00:00Z,3090.33,443
2013-12-15T00:00:00Z,2440.19,325
2013-12-16T00:00:00Z,4299.35,687
2013-12-17T00:00:00Z,4907.48,789
2013-12-18T00:00:00Z,4648.48,774
2013-12-19T00:00:00Z,5394.16,817
2013-12-20T00:00:00Z,5060.85,772
2013-12-21T00:00:00Z,3428.08,476
2013-12-22T00:00:00Z,2452.94,328
2013-12-23T00:00:00Z,5252.48,822
2013-12-24T00:00:00Z,2553.47,408
2013-12-26T00:00:00Z,4032.91,606
2013-12-27T00:00:00Z,4575.54,700
2013-12-28T00:00:00Z,2762.26,411
2013-12-29T00:00:00Z,2183.89,281
2013-12-30T00:00:00Z,4567.7,691
2013-12-31T00:00:00Z,3768.49,563
2014-01-01T00:00:00Z,1453.68,228
2014-02-01T00:00:00Z,3596.61,528
2014-03-01T00:00:00Z,4882.71,741
2014-04-01T00:00:00Z,2937.43,386
2014-05-01T00:00:00Z,229.09,28
2014-06-01T00:00:00Z,0.0,0
2014-07-01T00:00:00Z,2847.2,381
2014-08-01T00:00:00Z,3789.54,567
2014-09-01T00:00:00Z,4272.18,639
2014-10-01T00:00:00Z,4836.95,742
2014-11-01T00:00:00Z,2548.68,367
2014-12-01T00:00:00Z,2160.91,300
2014-01-13T00:00:00Z,3977.56,667
2014-01-14T00:00:00Z,3867.49,672
2014-01-15T00:00:00Z,4187.04,661
2014-01-16T00:00:00Z,3825.39,636
2014-01-17T00:00:00Z,4811.17,741
2014-01-18T00:00:00Z,2234.57,322
2014-01-19T00:00:00Z,1639.15,227
2014-01-20T00:00:00Z,4476.09,692
2014-01-21T00:00:00Z,3566.52,570
2014-01-22T00:00:00Z,3781.28,616
2014-01-23T00:00:00Z,4098.18,652
2014-01-24T00:00:00Z,4647.32,705
2014-01-25T00:00:00Z,2134.27,300
2014-01-26T00:00:00Z,1836.01,238
2014-01-27T00:00:00Z,3306.9,570
2014-01-28T00:00:00Z,3354.79,534
2014-01-29T00:00:00Z,4094.06,640
2014-01-30T00:00:00Z,4257.57,700
2014-01-31T00:00:00Z,4592.15,710
2014-01-02T00:00:00Z,2862.53,394
2014-02-02T00:00:00Z,1470.3,214
2014-03-02T00:00:00Z,3708.86,628
2014-04-02T00:00:00Z,3896.8,609
2014-05-02T00:00:00Z,2597.87,402
2014-06-02T00:00:00Z,3926.06,626
2014-07-02T00:00:00Z,4462.21,705
2014-08-02T00:00:00Z,2732.34,400
2014-09-02T00:00:00Z,2346.33,308
2014-10-02T00:00:00Z,4145.28,687
2014-11-02T00:00:00Z,4106.45,662
2014-12-02T00:00:00Z,4583.77,718
2014-02-13T00:00:00Z,4548.17,723
2014-02-14T00:00:00Z,4527.18,646
2014-02-15T00:00:00Z,3052.83,395
2014-02-16T00:00:00Z,2154.65,272
2014-02-17T00:00:00Z,3802.99,593
2014-02-18T00:00:00Z,4788.0,702
2014-02-19T00:00:00Z,4571.02,733
2014-02-20T00:00:00Z,4241.79,690
2014-02-21T00:00:00Z,4972.98,808
2014-02-22T00:00:00Z,2694.7,409
2014-02-23T00:00:00Z,1969.88,272
2014-02-24T00:00:00Z,4178.81,697
2014-02-25T00:00:00Z,4403.49,729
2014-02-26T00:00:00Z,4474.09,694
2014-02-27T00:00:00Z,4689.97,730
2014-02-28T00:00:00Z,5583.14,825
2014-01-03T00:00:00Z,3103.22,413
2014-02-03T00:00:00Z,1194.14,165
2014-03-03T00:00:00Z,3813.82,622
2014-04-03T00:00:00Z,4116.8,676
2014-05-03T00:00:00Z,4475.67,738
2014-06-03T00:00:00Z,4559.62,737
2014-07-03T00:00:00Z,4689.57,739
2014-08-03T00:00:00Z,3101.47,410
2014-09-03T00:00:00Z,2118.0,285
2014-10-03T00:00:00Z,4372.07,735
2014-11-03T00:00:00Z,4674.2,745
2014-12-03T00:00:00Z,4033.31,642
2014-03-13T00:00:00Z,3819.51,606
2014-03-14T00:00:00Z,5259.36,824
2014-03-15T00:00:00Z,2974.37,440
2014-03-16T00:00:00Z,2120.81,290
2014-03-17T00:00:00Z,4228.83,706
2014-03-18T00:00:00Z,4443.47,800
2014-03-19T00:00:00Z,4260.38,712
2014-03-20T00:00:00Z,4785.53,764
2014-03-21T00:00:00Z,5179.24,826
2014-03-22T00:00:00Z,3282.83,449
2014-03-23T00:00:00Z,2113.53,280
2014-03-24T00:00:00Z,3943.1,672
2014-03-25T00:00:00Z,4004.51,682
2014-03-26T00:00:00Z,4823.79,789
2014-03-27T00:00:00Z,4420.37,715
2014-03-28T00:00:00Z,5070.39,797
2014-03-29T00:00:00Z,2789.38,421
2014-03-30T00:00:00Z,2274.27,297
2014-03-31T00:00:00Z,4413.61,714
2014-01-04T00:00:00Z,4412.14,736
2014-02-04T00:00:00Z,4340.61,700
2014-03-04T00:00:00Z,4387.99,695
2014-04-04T00:00:00Z,4557.21,729
2014-05-04T00:00:00Z,2961.9,418
2014-06-04T00:00:00Z,2066.98,298
2014-07-04T00:00:00Z,4282.66,721
2014-08-04T00:00:00Z,4395.95,721
2014-09-04T00:00:00Z,4586.85,732
2014-10-04T00:00:00Z,4894.83,809
2014-11-04T00:00:00Z,5593.47,864
2014-12-04T00:00:00Z,3625.75,518
2014-04-13T00:00:00Z,2355.74,307
2014-04-14T00:00:00Z,4386.77,732
2014-04-15T00:00:00Z,4585.12,774
2014-04-16T00:00:00Z,4689.24,775
2014-04-17T00:00:00Z,4777.92,764
2014-04-18T00:00:00Z,4900.83,765
2014-04-19T00:00:00Z,3090.99,462
2014-04-20T00:00:00Z,1076.82,165
2014-04-21T00:00:00Z,4275.98,710
2014-04-22T00:00:00Z,4528.02,743
2014-04-23T00:00:00Z,4734.74,771
2014-04-24T00:00:00Z,4913.99,806
2014-04-25T00:00:00Z,5158.76,794
2014-04-26T00:00:00Z,3467.67,494
2014-04-27T00:00:00Z,2295.75,307
2014-04-28T00:00:00Z,4463.42,724
2014-04-29T00:00:00Z,4730.23,783
2014-04-30T00:00:00Z,4843.4,778
2014-01-05T00:00:00Z,4938.0,796
2014-02-05T00:00:00Z,5588.29,856
2014-03-05T00:00:00Z,3533.9,492
2014-04-05T00:00:00Z,2650.61,345
2014-05-05T00:00:00Z,4519.37,766
2014-06-05T00:00:00Z,4802.38,763
2014-07-05T00:00:00Z,5322.83,823
2014-08-05T00:00:00Z,5350.87,841
2014-09-05T00:00:00Z,5270.45,846
2014-10-05T00:00:00Z,3430.81,454
2014-11-05T00:00:00Z,2026.61,285
2014-12-05T00:00:00Z,4984.97,808
2014-05-13T00:00:00Z,4835.54,770
2014-05-14T00:00:00Z,4619.08,760
2014-05-15T00:00:00Z,4637.6,764
2014-05-16T00:00:00Z,5261.16,799
2014-05-17T00:00:00Z,3456.39,480
2014-05-18T00:00:00Z,2183.47,318
2014-05-19T00:00:00Z,4860.45,783
2014-05-20T00:00:00Z,4559.78,752
2014-05-21T00:00:00Z,5251.62,810
2014-05-22T00:00:00Z,5049.71,803
2014-05-23T00:00:00Z,5288.77,821
2014-05-24T00:00:00Z,3062.47,423
2014-05-25T00:00:00Z,2199.49,301
2014-05-26T00:00:00Z,1751.29,261
2014-05-27T00:00:00Z,4639.04,776
2014-05-28T00:00:00Z,4773.42,782
2014-05-29T00:00:00Z,5067.36,796
2014-05-30T00:00:00Z,5511.61,862
2014-05-31T00:00:00Z,3117.73,447
2014-01-06T00:00:00Z,2389.56,342
2014-02-06T00:00:00Z,4507.04,745
2014-03-06T00:00:00Z,4855.55,806
2014-04-06T00:00:00Z,4861.07,798
2014-05-06T00:00:00Z,5214.57,838
2014-06-06T00:00:00Z,5481.98,832
2014-07-06T00:00:00Z,3040.34,445
2014-08-06T00:00:00Z,2186.25,291
2014-09-06T00:00:00Z,4824.3,798
2014-10-06T00:00:00Z,4722.16,774
2014-11-06T00:00:00Z,5062.64,831
2014-12-06T00:00:00Z,5130.97,798
2014-06-13T00:00:00Z,5817.02,832
2014-06-14T00:00:00Z,2975.81,436
2014-06-15T00:00:00Z,1967.39,265
2014-06-16T00:00:00Z,4549.82,754
2014-06-17T00:00:00Z,4875.35,778
2014-06-18T00:00:00Z,4776.13,766
2014-06-19T00:00:00Z,5047.96,788
2014-06-20T00:00:00Z,5693.83,853
2014-06-21T00:00:00Z,3055.76,451
2014-06-22T00:00:00Z,2415.3,339
2014-06-23T00:00:00Z,4574.66,759
2014-06-24T00:00:00Z,4609.57,746
2014-06-25T00:00:00Z,5081.03,824
2014-06-26T00:00:00Z,4895.98,796
2014-06-27T00:00:00Z,5591.09,884
2014-06-28T00:00:00Z,3005.28,425
2014-06-29T00:00:00Z,2335.29,318
2014-06-30T00:00:00Z,4602.91,753
2014-01-07T00:00:00Z,4864.15,795
2014-02-07T00:00:00Z,4762.34,764
2014-03-07T00:00:00Z,5431.86,810
2014-04-07T00:00:00Z,1884.29,270
2014-05-07T00:00:00Z,2353.96,336
2014-06-07T00:00:00Z,1817.2,257
2014-07-07T00:00:00Z,4422.43,698
2014-08-07T00:00:00Z,4623.59,764
2014-09-07T00:00:00Z,4970.94,802
2014-10-07T00:00:00Z,5016.38,769
2014-11-07T00:00:00Z,5610.13,824
2014-12-07T00:00:00Z,3014.82,419
2014-07-13T00:00:00Z,2125.0,292
2014-07-14T00:00:00Z,4617.82,745
2014-07-15T00:00:00Z,4892.99,789
2014-07-16T00:00:00Z,5020.99,761
2014-07-17T00:00:00Z,5155.25,802
2014-07-18T00:00:00Z,5461.33,797
2014-07-19T00:00:00Z,2743.31,387
2014-07-20T00:00:00Z,2128.82,310
2014-07-21T00:00:00Z,4461.33,722
2014-07-22T00:00:00Z,4750.24,738
2014-07-23T00:00:00Z,4536.11,717
2014-07-24T00:00:00Z,4854.41,759
2014-07-25T00:00:00Z,5162.22,754
2014-07-26T00:00:00Z,2569.73,354
2014-07-27T00:00:00Z,2033.76,274
2014-07-28T00:00:00Z,4455.77,715
2014-07-29T00:00:00Z,4455.95,729
2014-07-30T00:00:00Z,4640.24,767
2014-07-31T00:00:00Z,5571.13,865
2014-01-08T00:00:00Z,5985.87,879
2014-02-08T00:00:00Z,3045.9,396
2014-03-08T00:00:00Z,2242.8,330
2014-04-08T00:00:00Z,5080.42,799
2014-05-08T00:00:00Z,4873.02,808
2014-06-08T00:00:00Z,4800.4,814
2014-07-08T00:00:00Z,4948.88,788
2014-08-08T00:00:00Z,5058.63,763
2014-09-08T00:00:00Z,2800.17,415
2014-10-08T00:00:00Z,2110.31,315
2014-11-08T00:00:00Z,4232.22,709
2014-12-08T00:00:00Z,4454.14,717
2014-08-13T00:00:00Z,4370.57,735
2014-08-14T00:00:00Z,4629.9,736
2014-08-15T00:00:00Z,5062.68,787
2014-08-16T00:00:00Z,3005.15,417
2014-08-17T00:00:00Z,2190.62,292
2014-08-18T00:00:00Z,3984.06,698
2014-08-19T00:00:00Z,4187.14,719
2014-08-20T00:00:00Z,4649.92,750
2014-08-21T00:00:00Z,4638.82,736
2014-08-22T00:00:00Z,5102.59,814
2014-08-23T00:00:00Z,2834.16,389
2014-08-24T00:00:00Z,1864.77,283
2014-08-25T00:00:00Z,4175.77,707
2014-08-26T00:00:00Z,4115.63,684
2014-08-27T00:00:00Z,4249.09,721
2014-08-28T00:00:00Z,4717.88,742
2014-08-29T00:00:00Z,4821.82,768
2014-08-30T00:00:00Z,2734.2,381
2014-08-31T00:00:00Z,1692.02,239
2014-01-09T00:00:00Z,2038.91,271
2014-02-09T00:00:00Z,4068.91,654
2014-03-09T00:00:00Z,4841.74,776
2014-04-09T00:00:00Z,4629.57,744
2014-05-09T00:00:00Z,5176.9,802
2014-06-09T00:00:00Z,3082.81,382
2014-07-09T00:00:00Z,1840.5,249
2014-08-09T00:00:00Z,4160.22,689
2014-09-09T00:00:00Z,4565.09,719
2014-10-09T00:00:00Z,4491.7,685
2014-11-09T00:00:00Z,4961.47,785
2014-12-09T00:00:00Z,5471.01,819
2014-09-13T00:00:00Z,3059.93,432
2014-09-14T00:00:00Z,1751.95,242
2014-09-15T00:00:00Z,4578.47,724
2014-09-16T00:00:00Z,4540.23,732
2014-09-17T00:00:00Z,4766.58,773
2014-09-18T00:00:00Z,4856.58,790
2014-09-19T00:00:00Z,5116.84,796
2014-09-20T00:00:00Z,2993.45,420
2014-09-21T00:00:00Z,1953.23,279
2014-09-22T00:00:00Z,4084.55,684
2014-09-23T00:00:00Z,4279.08,661
2014-09-24T00:00:00Z,4661.98,753
2014-09-25T00:00:00Z,4699.83,756
2014-09-26T00:00:00Z,4883.13,760
2014-09-27T00:00:00Z,3000.7,420
2014-09-28T00:00:00Z,2243.78,287
2014-09-29T00:00:00Z,4333.32,730
2014-09-30T00:00:00Z,4760.39,765
2014-01-10T00:00:00Z,4689.86,747
2014-02-10T00:00:00Z,4780.11,729
2014-03-10T00:00:00Z,5360.16,821
2014-04-10T00:00:00Z,3345.97,438
2014-05-10T00:00:00Z,2472.73,308
2014-06-10T00:00:00Z,4361.62,725
2014-07-10T00:00:00Z,4615.02,738
2014-08-10T00:00:00Z,4782.28,755
2014-09-10T00:00:00Z,5121.99,770
2014-10-10T00:00:00Z,5771.11,858
2014-11-10T00:00:00Z,3589.34,444
2014-12-10T00:00:00Z,2012.2,275
2014-10-13T00:00:00Z,4573.77,739
2014-10-14T00:00:00Z,4306.58,715
2014-10-15T00:00:00Z,4645.26,749
2014-10-16T00:00:00Z,4871.04,770
2014-10-17T00:00:00Z,5105.53,741
2014-10-18T00:00:00Z,2919.16,389
2014-10-19T00:00:00Z,2193.09,261
2014-10-20T00:00:00Z,4942.13,799
2014-10-21T00:00:00Z,4781.39,762
2014-10-22T00:00:00Z,4835.96,775
2014-10-23T00:00:00Z,4721.18,758
2014-10-24T00:00:00Z,5028.56,780
2014-10-25T00:00:00Z,2987.86,432
2014-10-26T00:00:00Z,2319.85,303
2014-10-27T00:00:00Z,4337.25,723
2014-10-28T00:00:00Z,4568.21,590
2014-10-29T00:00:00Z,4606.64,749
2014-10-30T00:00:00Z,4802.52,714
2014-10-31T00:00:00Z,5031.59,772
2014-01-11T00:00:00Z,3388.11,451
2014-02-11T00:00:00Z,2124.5,293
2014-03-11T00:00:00Z,4623.45,767
2014-04-11T00:00:00Z,4365.53,698
2014-05-11T00:00:00Z,4750.3,769
2014-06-11T00:00:00Z,4836.85,781
2014-07-11T00:00:00Z,5404.2,813
2014-08-11T00:00:00Z,3107.67,422
2014-09-11T00:00:00Z,2207.26,286
2014-10-11T00:00:00Z,4616.57,740
2014-11-11T00:00:00Z,4440.78,727
2014-12-11T00:00:00Z,4774.22,752
2014-11-13T00:00:00Z,5156.34,793
2014-11-14T00:00:00Z,5792.59,824
2014-11-15T00:00:00Z,3485.32,472
2014-11-16T00:00:00Z,2219.26,294
2014-11-17T00:00:00Z,4610.18,678
2014-11-18T00:00:00Z,4470.25,680
2014-11-19T00:00:00Z,4681.19,718
2014-11-20T00:00:00Z,4964.25,744
2014-11-21T00:00:00Z,5455.47,807
2014-11-22T00:00:00Z,3351.22,482
2014-11-23T00:00:00Z,2245.53,300
2014-11-24T00:00:00Z,4527.53,731
2014-11-25T00:00:00Z,5220.63,810
2014-11-26T00:00:00Z,5016.39,723
2014-11-28T00:00:00Z,3229.14,451
2014-11-29T00:00:00Z,2916.13,366
2014-11-30T00:00:00Z,2247.34,311
2014-01-12T00:00:00Z,4837.61,768
2014-02-12T00:00:00Z,5048.4,756
2014-03-12T00:00:00Z,5146.21,824
2014-04-12T00:00:00Z,5313.22,831
2014-05-12T00:00:00Z,5424.43,803
2014-06-12T00:00:00Z,3415.99,459
2014-07-12T00:00:00Z,2495.15,333
2014-08-12T00:00:00Z,4498.98,730
2014-09-12T00:00:00Z,4780.39,758
2014-10-12T00:00:00Z,4616.06,735
2014-11-12T00:00:00Z,5206.53,770
2014-12-12T00:00:00Z,5592.58,812
2014-12-13T00:00:00Z,3405.92,469
2014-12-14T00:00:00Z,2618.9,341
2014-12-15T00:00:00Z,4643.75,767
2014-12-16T00:00:00Z,5235.68,821
2014-12-17T00:00:00Z,4867.34,780
2014-12-18T00:00:00Z,5307.68,828
2014-12-19T00:00:00Z,5625.87,804
2014-12-20T00:00:00Z,3694.27,507
2014-12-21T00:00:00Z,2374.36,352
2014-12-22T00:00:00Z,5661.42,820
2014-12-23T00:00:00Z,5483.02,796
2014-12-24T00:00:00Z,3112.1,431
2014-12-26T00:00:00Z,3588.99,527
2014-12-27T00:00:00Z,2332.9,342
2014-12-28T00:00:00Z,1864.75,254
2014-12-29T00:00:00Z,4497.92,696
2014-12-30T00:00:00Z,4116.66,653
2014-12-31T00:00:00Z,3902.97,575
2015-01-01T00:00:00Z,1677.88,227
2015-02-01T00:00:00Z,4206.77,642
2015-03-01T00:00:00Z,2625.98,357
2015-04-01T00:00:00Z,1755.86,229
2015-05-01T00:00:00Z,4244.2,668
2015-06-01T00:00:00Z,3772.78,595
2015-07-01T00:00:00Z,4011.1,597
2015-08-01T00:00:00Z,4283.81,641
2015-09-01T00:00:00Z,5019.59,725
2015-10-01T00:00:00Z,2466.32,361
2015-11-01T00:00:00Z,1601.87,207
2015-12-01T00:00:00Z,3535.16,565
2015-01-13T00:00:00Z,3778.57,594
2015-01-14T00:00:00Z,4304.54,674
2015-01-15T00:00:00Z,4335.36,688
2015-01-16T00:00:00Z,5235.75,792
2015-01-17T00:00:00Z,2825.77,382
2015-01-18T00:00:00Z,1753.97,262
2015-01-19T00:00:00Z,4443.87,690
2015-01-20T00:00:00Z,4005.61,670
2015-01-21T00:00:00Z,4377.81,696
2015-01-22T00:00:00Z,4568.26,716
2015-01-23T00:00:00Z,4984.98,766
2015-01-24T00:00:00Z,2663.85,395
2015-01-25T00:00:00Z,1871.44,244
2015-01-26T00:00:00Z,4068.48,642
2015-01-27T00:00:00Z,4300.01,669
2015-01-28T00:00:00Z,4148.46,664
2015-01-29T00:00:00Z,4134.31,665
2015-01-30T00:00:00Z,4801.83,741
2015-01-31T00:00:00Z,2612.22,377
2015-01-02T00:00:00Z,1088.57,157
2015-02-02T00:00:00Z,4041.92,646
2015-03-02T00:00:00Z,3826.81,641
2015-04-02T00:00:00Z,4317.02,695
2015-05-02T00:00:00Z,4284.34,671
2015-06-02T00:00:00Z,5039.4,752
2015-07-02T00:00:00Z,2859.77,405
2015-08-02T00:00:00Z,2355.76,306
2015-09-02T00:00:00Z,4477.13,668
2015-10-02T00:00:00Z,4293.76,674
2015-11-02T00:00:00Z,4373.47,702
2015-12-02T00:00:00Z,4488.49,694
2015-02-13T00:00:00Z,5034.78,775
2015-02-14T00:00:00Z,2620.19,345
2015-02-15T00:00:00Z,2446.82,318
2015-02-16T00:00:00Z,4050.81,629
2015-02-17T00:00:00Z,4400.16,668
2015-02-18T00:00:00Z,4038.74,638
2015-02-19T00:00:00Z,4435.73,664
2015-02-20T00:00:00Z,4671.16,712
2015-02-21T00:00:00Z,2309.25,315
2015-02-22T00:00:00Z,1994.93,251
2015-02-23T00:00:00Z,3780.76,611
2015-02-24T00:00:00Z,4423.45,660
2015-02-25T00:00:00Z,4843.79,744
2015-02-26T00:00:00Z,4426.57,695
2015-02-27T00:00:00Z,4943.23,748
2015-02-28T00:00:00Z,2976.37,395
2015-01-03T00:00:00Z,1463.28,196
2015-02-03T00:00:00Z,4258.67,657
2015-03-03T00:00:00Z,4578.35,656
2015-04-03T00:00:00Z,4556.04,713
2015-05-03T00:00:00Z,4582.16,710
2015-06-03T00:00:00Z,5600.25,797
2015-07-03T00:00:00Z,3287.33,439
2015-08-03T00:00:00Z,2255.74,283
2015-09-03T00:00:00Z,4578.6,699
2015-10-03T00:00:00Z,4332.58,685
2015-11-03T00:00:00Z,4559.89,716
2015-12-03T00:00:00Z,4656.35,748
2015-03-13T00:00:00Z,4775.23,721
2015-03-14T00:00:00Z,3614.01,461
2015-03-15T00:00:00Z,2288.24,328
2015-03-16T00:00:00Z,4255.62,692
2015-03-17T00:00:00Z,4370.52,691
2015-03-18T00:00:00Z,4386.57,681
2015-03-19T00:00:00Z,4551.3,733
2015-03-20T00:00:00Z,5205.15,768
2015-03-21T00:00:00Z,2512.55,358
2015-03-22T00:00:00Z,2415.42,318
2015-03-23T00:00:00Z,4134.09,645
2015-03-24T00:00:00Z,3960.41,628
2015-03-25T00:00:00Z,4555.76,701
2015-03-26T00:00:00Z,4671.5,756
2015-03-27T00:00:00Z,5033.58,776
2015-03-28T00:00:00Z,3006.46,411
2015-03-29T00:00:00Z,1965.17,284
2015-03-30T00:00:00Z,4129.48,650
2015-03-31T00:00:00Z,4669.02,733
2015-01-04T00:00:00Z,4505.8,720
2015-02-04T00:00:00Z,5140.05,780
2015-03-04T00:00:00Z,4706.03,696
2015-04-04T00:00:00Z,3283.79,439
2015-05-04T00:00:00Z,1346.77,176
2015-06-04T00:00:00Z,4287.21,683
2015-07-04T00:00:00Z,4126.0,676
2015-08-04T00:00:00Z,4434.86,696
2015-09-04T00:00:00Z,4672.15,739
2015-10-04T00:00:00Z,5398.1,798
2015-11-04T00:00:00Z,3478.81,476
2015-12-04T00:00:00Z,2632.54,343
2015-04-13T00:00:00Z,4399.82,683
2015-04-14T00:00:00Z,4845.5,774
2015-04-15T00:00:00Z,4714.55,739
2015-04-16T00:00:00Z,4907.93,759
2015-04-17T00:00:00Z,5200.49,814
2015-04-18T00:00:00Z,3397.6,490
2015-04-19T00:00:00Z,2568.68,311
2015-04-20T00:00:00Z,4798.46,785
2015-04-21T00:00:00Z,4464.07,698
2015-04-22T00:00:00Z,5267.44,794
2015-04-23T00:00:00Z,5199.72,776
2015-04-24T00:00:00Z,5823.55,825
2015-04-25T00:00:00Z,2983.68,389
2015-04-26T00:00:00Z,2120.98,285
2015-04-27T00:00:00Z,4457.56,722
2015-04-28T00:00:00Z,4765.44,736
2015-04-29T00:00:00Z,4874.08,784
2015-04-30T00:00:00Z,5437.35,838
2015-01-05T00:00:00Z,6008.33,849
2015-02-05T00:00:00Z,4340.3,543
2015-03-05T00:00:00Z,2565.46,340
2015-04-05T00:00:00Z,5087.17,793
2015-05-05T00:00:00Z,4743.43,778
2015-06-05T00:00:00Z,5327.19,833
2015-07-05T00:00:00Z,5503.36,827
2015-08-05T00:00:00Z,5950.29,871
2015-09-05T00:00:00Z,3060.94,416
2015-10-05T00:00:00Z,2022.55,289
2015-11-05T00:00:00Z,4560.59,746
2015-12-05T00:00:00Z,5271.2,808
2015-05-13T00:00:00Z,5119.25,803
2015-05-14T00:00:00Z,5506.02,815
2015-05-15T00:00:00Z,5768.81,831
2015-05-16T00:00:00Z,3285.56,434
2015-05-17T00:00:00Z,2312.28,317
2015-05-18T00:00:00Z,4698.94,769
2015-05-19T00:00:00Z,4948.22,753
2015-05-20T00:00:00Z,4915.93,782
2015-05-21T00:00:00Z,5225.82,831
2015-05-22T00:00:00Z,5846.1,805
2015-05-23T00:00:00Z,2859.92,404
2015-05-24T00:00:00Z,2357.79,302
2015-05-25T00:00:00Z,1996.22,292
2015-05-26T00:00:00Z,5082.79,781
2015-05-27T00:00:00Z,4815.27,755
2015-05-28T00:00:00Z,5282.93,806
2015-05-29T00:00:00Z,5966.04,892
2015-05-30T00:00:00Z,3054.22,409
2015-05-31T00:00:00Z,2202.8,314
2015-01-06T00:00:00Z,4557.82,725
2015-02-06T00:00:00Z,5090.56,787
2015-03-06T00:00:00Z,5018.63,758
2015-04-06T00:00:00Z,5610.9,859
2015-05-06T00:00:00Z,6202.08,911
2015-06-06T00:00:00Z,3233.96,448
2015-07-06T00:00:00Z,2518.5,354
2015-08-06T00:00:00Z,4294.96,679
2015-09-06T00:00:00Z,5285.21,813
2015-10-06T00:00:00Z,5534.0,806
2015-11-06T00:00:00Z,5607.18,837
2015-12-06T00:00:00Z,6122.37,870
2015-06-13T00:00:00Z,3540.54,490
2015-06-14T00:00:00Z,2367.03,319
2015-06-15T00:00:00Z,4950.77,782
2015-06-16T00:00:00Z,4945.85,776
2015-06-17T00:00:00Z,5151.33,765
2015-06-18T00:00:00Z,5564.64,819
2015-06-19T00:00:00Z,5814.05,860
2015-06-20T00:00:00Z,3375.35,474
2015-06-21T00:00:00Z,2262.09,311
2015-06-22T00:00:00Z,4947.7,771
2015-06-23T00:00:00Z,4824.43,768
2015-06-24T00:00:00Z,5387.73,816
2015-06-25T00:00:00Z,5269.64,815
2015-06-26T00:00:00Z,5241.99,755
2015-06-27T00:00:00Z,3209.63,463
2015-06-28T00:00:00Z,2495.1,345
2015-06-29T00:00:00Z,5003.73,793
2015-06-30T00:00:00Z,5288.16,831
2015-01-07T00:00:00Z,5369.72,821
2015-02-07T00:00:00Z,5549.32,806
2015-03-07T00:00:00Z,3379.97,454
2015-04-07T00:00:00Z,2255.0,279
2015-05-07T00:00:00Z,2085.28,265
2015-06-07T00:00:00Z,4766.15,720
2015-07-07T00:00:00Z,4533.93,715
2015-08-07T00:00:00Z,5236.69,784
2015-09-07T00:00:00Z,5545.97,834
2015-10-07T00:00:00Z,5727.62,853
2015-11-07T00:00:00Z,3200.66,418
2015-12-07T00:00:00Z,2415.96,328
2015-07-13T00:00:00Z,4589.81,677
2015-07-14T00:00:00Z,5197.78,815
2015-07-15T00:00:00Z,5748.2,831
2015-07-16T00:00:00Z,5355.04,820
2015-07-17T00:00:00Z,5638.53,840
2015-07-18T00:00:00Z,3023.46,436
2015-07-19T00:00:00Z,2296.78,313
2015-07-20T00:00:00Z,4792.95,770
2015-07-21T00:00:00Z,5216.94,782
2015-07-22T00:00:00Z,4945.07,775
2015-07-23T00:00:00Z,5153.61,786
2015-07-24T00:00:00Z,5596.79,823
2015-07-25T00:00:00Z,2977.39,407
2015-07-26T00:00:00Z,2397.63,317
2015-07-27T00:00:00Z,4867.14,770
2015-07-28T00:00:00Z,4888.79,777
2015-07-29T00:00:00Z,5199.08,787
2015-07-30T00:00:00Z,5141.89,818
2015-07-31T00:00:00Z,5769.67,855
2015-01-08T00:00:00Z,3723.29,466
2015-02-08T00:00:00Z,2692.99,362
2015-03-08T00:00:00Z,4861.65,753
2015-04-08T00:00:00Z,4831.63,801
2015-05-08T00:00:00Z,4987.81,770
2015-06-08T00:00:00Z,5314.13,808
2015-07-08T00:00:00Z,5567.17,846
2015-08-08T00:00:00Z,2542.37,367
2015-09-08T00:00:00Z,2375.06,308
2015-10-08T00:00:00Z,5126.39,762
2015-11-08T00:00:00Z,4627.94,750
2015-12-08T00:00:00Z,4604.15,746
2015-08-13T00:00:00Z,5132.87,828
2015-08-14T00:00:00Z,5950.42,865
2015-08-15T00:00:00Z,3329.71,451
2015-08-16T00:00:00Z,2570.15,331
2015-08-17T00:00:00Z,4541.8,738
2015-08-18T00:00:00Z,4891.86,783
2015-08-19T00:00:00Z,4724.94,753
2015-08-20T00:00:00Z,4846.2,753
2015-08-21T00:00:00Z,5487.41,820
2015-08-22T00:00:00Z,3015.07,417
2015-08-23T00:00:00Z,2197.09,286
2015-08-24T00:00:00Z,4510.21,719
2015-08-25T00:00:00Z,5059.14,791
2015-08-26T00:00:00Z,4957.76,755
2015-08-27T00:00:00Z,5116.53,790
2015-08-28T00:00:00Z,5349.17,800
2015-08-29T00:00:00Z,2850.09,401
2015-08-30T00:00:00Z,2134.3,307
2015-08-31T00:00:00Z,4428.91,723
2015-01-09T00:00:00Z,4268.16,703
2015-02-09T00:00:00Z,4615.37,748
2015-03-09T00:00:00Z,4868.26,775
2015-04-09T00:00:00Z,5318.18,806
2015-05-09T00:00:00Z,2590.65,348
2015-06-09T00:00:00Z,1738.4,263
2015-07-09T00:00:00Z,1767.23,269
2015-08-09T00:00:00Z,4257.29,683
2015-09-09T00:00:00Z,4535.1,723
2015-10-09T00:00:00Z,4575.64,756
2015-11-09T00:00:00Z,5653.58,834
2015-12-09T00:00:00Z,3318.72,468
2015-09-13T00:00:00Z,2023.75,295
2015-09-14T00:00:00Z,4813.65,771
2015-09-15T00:00:00Z,4602.28,753
2015-09-16T00:00:00Z,4872.07,812
2015-09-17T00:00:00Z,4803.38,753
2015-09-18T00:00:00Z,5099.58,784
2015-09-19T00:00:00Z,2900.17,404
2015-09-20T00:00:00Z,2158.85,312
2015-09-21T00:00:00Z,4461.53,732
2015-09-22T00:00:00Z,4040.95,663
2015-09-23T00:00:00Z,4588.43,723
2015-09-24T00:00:00Z,5030.2,781
2015-09-25T00:00:00Z,5265.4,789
2015-09-26T00:00:00Z,2873.27,405
2015-09-27T00:00:00Z,2363.15,319
2015-09-28T00:00:00Z,4490.2,727
2015-09-29T00:00:00Z,3948.76,624
2015-09-30T00:00:00Z,4705.81,751
2015-01-10T00:00:00Z,5304.23,820
2015-02-10T00:00:00Z,5373.65,847
2015-03-10T00:00:00Z,2870.2,405
2015-04-10T00:00:00Z,2316.64,304
2015-05-10T00:00:00Z,4477.2,704
2015-06-10T00:00:00Z,4596.34,733
2015-07-10T00:00:00Z,4887.79,770
2015-08-10T00:00:00Z,5153.44,823
2015-09-10T00:00:00Z,5436.26,809
2015-10-10T00:00:00Z,3149.12,447
2015-11-10T00:00:00Z,2147.73,289
2015-12-10T00:00:00Z,4612.97,742
2015-10-13T00:00:00Z,4718.89,777
2015-10-14T00:00:00Z,4483.44,738
2015-10-15T00:00:00Z,5407.8,815
2015-10-16T00:00:00Z,5409.02,837
2015-10-17T00:00:00Z,2936.36,403
2015-10-18T00:00:00Z,2171.11,305
2015-10-19T00:00:00Z,4633.07,771
2015-10-20T00:00:00Z,5047.83,810
2015-10-21T00:00:00Z,4890.31,794
2015-10-22T00:00:00Z,4967.14,815
2015-10-23T00:00:00Z,5883.35,887
2015-10-24T00:00:00Z,2735.17,396
2015-10-25T00:00:00Z,2393.15,292
2015-10-26T00:00:00Z,4569.72,770
2015-10-27T00:00:00Z,4579.41,781
2015-10-28T00:00:00Z,5108.63,825
2015-10-29T00:00:00Z,5161.48,846
2015-10-30T00:00:00Z,5267.33,787
2015-10-31T00:00:00Z,2896.73,402
2015-01-11T00:00:00Z,2148.58,297
2015-02-11T00:00:00Z,4737.73,813
2015-03-11T00:00:00Z,4899.17,786
2015-04-11T00:00:00Z,4828.48,803
2015-05-11T00:00:00Z,5130.59,799
2015-06-11T00:00:00Z,5481.07,837
2015-07-11T00:00:00Z,3217.5,442
2015-08-11T00:00:00Z,2256.97,296
2015-09-11T00:00:00Z,4742.85,790
2015-10-11T00:00:00Z,4867.36,808
2015-11-11T00:00:00Z,4643.67,783
2015-12-11T00:00:00Z,4817.75,790
2015-11-13T00:00:00Z,5264.34,834
2015-11-14T00:00:00Z,3203.37,459
2015-11-15T00:00:00Z,2017.14,294
2015-11-16T00:00:00Z,4624.33,802
2015-11-17T00:00:00Z,4716.24,794
2015-11-18T00:00:00Z,4777.67,802
2015-11-19T00:00:00Z,4948.57,796
2015-11-20T00:00:00Z,5330.39,823
2015-11-21T00:00:00Z,2472.27,349
2015-11-22T00:00:00Z,2606.52,338
2015-11-23T00:00:00Z,5249.97,829
2015-11-24T00:00:00Z,5596.97,826
2015-11-25T00:00:00Z,5694.85,837
2015-11-27T00:00:00Z,3086.15,434
2015-11-28T00:00:00Z,2749.52,378
2015-11-29T00:00:00Z,2320.22,318
2015-11-30T00:00:00Z,5219.76,832
2015-01-12T00:00:00Z,5072.22,824
2015-02-12T00:00:00Z,5283.03,828
2015-03-12T00:00:00Z,5766.34,892
2015-04-12T00:00:00Z,6014.99,885
2015-05-12T00:00:00Z,3461.0,491
2015-06-12T00:00:00Z,2723.86,377
2015-07-12T00:00:00Z,5038.82,801
2015-08-12T00:00:00Z,4651.6,783
2015-09-12T00:00:00Z,5285.67,846
2015-10-12T00:00:00Z,5215.97,807
2015-11-12T00:00:00Z,5332.26,838
2015-12-12T00:00:00Z,3204.48,477
2015-12-13T00:00:00Z,2768.72,365
2015-12-14T00:00:00Z,4753.55,770
2015-12-15T00:00:00Z,5332.13,838
2015-12-16T00:00:00Z,4989.77,807
2015-12-17T00:00:00Z,5674.1,879
2015-12-18T00:00:00Z,5720.34,869
2015-12-19T00:00:00Z,4010.5,525
2015-12-20T00:00:00Z,3260.88,430
2015-12-21T00:00:00Z,5776.81,848
2015-12-22T00:00:00Z,5487.55,796
2015-12-23T00:00:00Z,5349.69,764
2015-12-24T00:00:00Z,3226.44,433
2015-12-26T00:00:00Z,2710.07,355
2015-12-27T00:00:00Z,1389.16,175
2015-12-28T00:00:00Z,4315.23,684
2015-12-29T00:00:00Z,4606.43,718
2015-12-30T00:00:00Z,4806.47,713
2015-12-31T00:00:00Z,4025.68,559
2016-01-01T00:00:00Z,1771.01,232
2016-02-01T00:00:00Z,2752.3,392
2016-03-01T00:00:00Z,2079.63,279
2016-04-01T00:00:00Z,4755.08,723
2016-05-01T00:00:00Z,4287.44,682
2016-06-01T00:00:00Z,4491.64,685
2016-07-01T00:00:00Z,4806.18,760
2016-08-01T00:00:00Z,4993.77,777
2016-09-01T00:00:00Z,2905.11,399
2016-10-01T00:00:00Z,1682.67,212
2016-11-01T00:00:00Z,3848.55,608
2016-12-01T00:00:00Z,3831.97,580
2016-01-13T00:00:00Z,4256.46,669
2016-01-14T00:00:00Z,4616.99,714
2016-01-15T00:00:00Z,5067.53,759
2016-01-16T00:00:00Z,2366.04,335
2016-01-17T00:00:00Z,1697.01,223
2016-01-18T00:00:00Z,4232.0,599
2016-01-19T00:00:00Z,3933.09,651
2016-01-20T00:00:00Z,4262.81,640
2016-01-21T00:00:00Z,4350.64,684
2016-01-22T00:00:00Z,4803.77,713
2016-01-23T00:00:00Z,2630.99,379
2016-01-24T00:00:00Z,1682.19,239
2016-01-25T00:00:00Z,4040.91,668
2016-01-26T00:00:00Z,4069.59,655
2016-01-27T00:00:00Z,4500.52,678
2016-01-28T00:00:00Z,4577.64,710
2016-01-29T00:00:00Z,4871.46,728
2016-01-30T00:00:00Z,2699.25,393
2016-01-31T00:00:00Z,1855.61,243
2016-01-02T00:00:00Z,4149.08,669
2016-02-02T00:00:00Z,4425.69,718
2016-03-02T00:00:00Z,4369.41,678
2016-04-02T00:00:00Z,4421.73,685
2016-05-02T00:00:00Z,4504.38,679
2016-06-02T00:00:00Z,2791.52,388
2016-07-02T00:00:00Z,1911.41,256
2016-08-02T00:00:00Z,4139.75,681
2016-09-02T00:00:00Z,3908.88,637
2016-10-02T00:00:00Z,4401.59,674
2016-11-02T00:00:00Z,4493.91,699
2016-12-02T00:00:00Z,4657.67,700
2016-02-13T00:00:00Z,3104.61,428
2016-02-14T00:00:00Z,2079.41,255
2016-02-15T00:00:00Z,4087.81,597
2016-02-16T00:00:00Z,4395.31,686
2016-02-17T00:00:00Z,4671.98,732
2016-02-18T00:00:00Z,4599.86,735
2016-02-19T00:00:00Z,5195.19,783
2016-02-20T00:00:00Z,3049.12,416
2016-02-21T00:00:00Z,2298.8,286
2016-02-22T00:00:00Z,4447.91,709
2016-02-23T00:00:00Z,4342.5,704
2016-02-24T00:00:00Z,3919.94,602
2016-02-25T00:00:00Z,4599.17,686
2016-02-26T00:00:00Z,4925.73,746
2016-02-27T00:00:00Z,2982.94,403
2016-02-28T00:00:00Z,2058.44,281
2016-02-29T00:00:00Z,4313.96,691
2016-01-03T00:00:00Z,4248.24,666
2016-02-03T00:00:00Z,4354.26,678
2016-03-03T00:00:00Z,4447.47,694
2016-04-03T00:00:00Z,4914.17,758
2016-05-03T00:00:00Z,3184.25,419
2016-06-03T00:00:00Z,2256.71,300
2016-07-03T00:00:00Z,4309.63,720
2016-08-03T00:00:00Z,4391.92,693
2016-09-03T00:00:00Z,4171.27,652
2016-10-03T00:00:00Z,4965.02,770
2016-11-03T00:00:00Z,5051.3,773
2016-12-03T00:00:00Z,3305.03,418
2016-03-13T00:00:00Z,2190.81,292
2016-03-14T00:00:00Z,4661.55,713
2016-03-15T00:00:00Z,4382.36,730
2016-03-16T00:00:00Z,4736.26,744
2016-03-17T00:00:00Z,4563.8,730
2016-03-18T00:00:00Z,5422.5,777
2016-03-19T00:00:00Z,2944.19,410
2016-03-20T00:00:00Z,2112.8,297
2016-03-21T00:00:00Z,4444.96,704
2016-03-22T00:00:00Z,4784.19,739
2016-03-23T00:00:00Z,4559.61,730
2016-03-24T00:00:00Z,4957.78,726
2016-03-25T00:00:00Z,5300.88,755
2016-03-26T00:00:00Z,2895.58,392
2016-03-27T00:00:00Z,1181.37,164
2016-03-28T00:00:00Z,4354.76,681
2016-03-29T00:00:00Z,4816.37,767
2016-03-30T00:00:00Z,5020.15,754
2016-03-31T00:00:00Z,5174.84,762
2016-01-04T00:00:00Z,5525.4,793
2016-02-04T00:00:00Z,2870.49,386
2016-03-04T00:00:00Z,2192.27,277
2016-04-04T00:00:00Z,4423.99,695
2016-05-04T00:00:00Z,5022.91,795
2016-06-04T00:00:00Z,4336.2,687
2016-07-04T00:00:00Z,4693.54,715
2016-08-04T00:00:00Z,5132.82,763
2016-09-04T00:00:00Z,3180.32,445
2016-10-04T00:00:00Z,2511.51,315
2016-11-04T00:00:00Z,4374.51,696
2016-12-04T00:00:00Z,4807.35,792
2016-04-13T00:00:00Z,4904.39,796
2016-04-14T00:00:00Z,5107.72,814
2016-04-15T00:00:00Z,5668.31,810
2016-04-16T00:00:00Z,3252.72,420
2016-04-17T00:00:00Z,2767.81,374
2016-04-18T00:00:00Z,4687.62,767
2016-04-19T00:00:00Z,4842.3,766
2016-04-20T00:00:00Z,4780.65,765
2016-04-21T00:00:00Z,5156.0,787
2016-04-22T00:00:00Z,5536.32,839
2016-04-23T00:00:00Z,3362.8,460
2016-04-24T00:00:00Z,2559.1,343
2016-04-25T00:00:00Z,4217.74,650
2016-04-26T00:00:00Z,4775.73,776
2016-04-27T00:00:00Z,4627.62,770
2016-04-28T00:00:00Z,4844.59,747
2016-04-29T00:00:00Z,5372.19,831
2016-04-30T00:00:00Z,3069.56,405
2016-01-05T00:00:00Z,2213.11,290
2016-02-05T00:00:00Z,4607.13,728
2016-03-05T00:00:00Z,4537.62,723
2016-04-05T00:00:00Z,4637.31,726
2016-05-05T00:00:00Z,5104.15,787
2016-06-05T00:00:00Z,5700.41,851
2016-07-05T00:00:00Z,3682.9,477
2016-08-05T00:00:00Z,1936.35,267
2016-09-05T00:00:00Z,4440.14,704
2016-10-05T00:00:00Z,4557.51,711
2016-11-05T00:00:00Z,4855.44,767
2016-12-05T00:00:00Z,5139.66,785
2016-05-13T00:00:00Z,5631.62,808
2016-05-14T00:00:00Z,3445.92,436
2016-05-15T00:00:00Z,2362.08,330
2016-05-16T00:00:00Z,4631.67,744
2016-05-17T00:00:00Z,4697.3,722
2016-05-18T00:00:00Z,4899.32,758
2016-05-19T00:00:00Z,5081.75,805
2016-05-20T00:00:00Z,5156.19,751
2016-05-21T00:00:00Z,3022.3,401
2016-05-22T00:00:00Z,2610.77,353
2016-05-23T00:00:00Z,4416.08,736
2016-05-24T00:00:00Z,4840.83,762
2016-05-25T00:00:00Z,4720.39,731
2016-05-26T00:00:00Z,4761.38,724
2016-05-27T00:00:00Z,4991.7,692
2016-05-28T00:00:00Z,2845.51,377
2016-05-29T00:00:00Z,2275.84,287
2016-05-30T00:00:00Z,2051.95,284
2016-05-31T00:00:00Z,4581.64,730
2016-01-06T00:00:00Z,5063.89,783
2016-02-06T00:00:00Z,5221.18,797
2016-03-06T00:00:00Z,5692.53,846
2016-04-06T00:00:00Z,2690.8,372
2016-05-06T00:00:00Z,2631.08,349
2016-06-06T00:00:00Z,4707.72,755
2016-07-06T00:00:00Z,4656.82,725
2016-08-06T00:00:00Z,5174.73,799
2016-09-06T00:00:00Z,4915.86,755
2016-10-06T00:00:00Z,5243.03,759
2016-11-06T00:00:00Z,2978.84,422
2016-12-06T00:00:00Z,2419.3,338
2016-06-13T00:00:00Z,4785.68,740
2016-06-14T00:00:00Z,4421.52,693
2016-06-15T00:00:00Z,5183.95,724
2016-06-16T00:00:00Z,5287.26,798
2016-06-17T00:00:00Z,5431.63,820
2016-06-18T00:00:00Z,3193.02,441
2016-06-19T00:00:00Z,1742.81,248
2016-06-20T00:00:00Z,4868.77,732
2016-06-21T00:00:00Z,4906.38,737
2016-06-22T00:00:00Z,4970.83,755
2016-06-23T00:00:00Z,5079.15,800
2016-06-24T00:00:00Z,5255.92,792
2016-06-25T00:00:00Z,3030.88,424
2016-06-26T00:00:00Z,2686.76,337
2016-06-27T00:00:00Z,4361.95,721
2016-06-28T00:00:00Z,4993.81,742
2016-06-29T00:00:00Z,4669.77,750
2016-06-30T00:00:00Z,5379.65,820
2016-01-07T00:00:00Z,5210.56,778
2016-02-07T00:00:00Z,2750.86,396
2016-03-07T00:00:00Z,2295.13,287
2016-04-07T00:00:00Z,1484.98,220
2016-05-07T00:00:00Z,4252.75,675
2016-06-07T00:00:00Z,4482.48,707
2016-07-07T00:00:00Z,5101.81,761
2016-08-07T00:00:00Z,5748.75,799
2016-09-07T00:00:00Z,3165.94,447
2016-10-07T00:00:00Z,2379.45,308
2016-11-07T00:00:00Z,4704.83,728
2016-12-07T00:00:00Z,5166.32,773
2016-07-13T00:00:00Z,5086.09,729
2016-07-14T00:00:00Z,5380.82,783
2016-07-15T00:00:00Z,5540.5,802
2016-07-16T00:00:00Z,2991.92,388
2016-07-17T00:00:00Z,2304.81,311
2016-07-18T00:00:00Z,4764.53,725
2016-07-19T00:00:00Z,4936.76,753
2016-07-20T00:00:00Z,4859.32,756
2016-07-21T00:00:00Z,5241.48,818
2016-07-22T00:00:00Z,5648.1,792
2016-07-23T00:00:00Z,3199.49,428
2016-07-24T00:00:00Z,2554.65,351
2016-07-25T00:00:00Z,4456.16,665
2016-07-26T00:00:00Z,5060.6,796
2016-07-27T00:00:00Z,4938.77,753
2016-07-28T00:00:00Z,5385.64,811
2016-07-29T00:00:00Z,5410.94,806
2016-07-30T00:00:00Z,3148.22,459
2016-07-31T00:00:00Z,2651.68,334
2016-01-08T00:00:00Z,4586.41,702
2016-02-08T00:00:00Z,5159.22,795
2016-03-08T00:00:00Z,5154.56,808
2016-04-08T00:00:00Z,5164.66,794
2016-05-08T00:00:00Z,5396.25,818
2016-06-08T00:00:00Z,3193.35,412
2016-07-08T00:00:00Z,2211.67,302
2016-08-08T00:00:00Z,5145.88,781
2016-09-08T00:00:00Z,4580.63,732
2016-10-08T00:00:00Z,4810.67,714
2016-11-08T00:00:00Z,5071.98,785
2016-12-08T00:00:00Z,5099.23,767
2016-08-13T00:00:00Z,3005.57,385
2016-08-14T00:00:00Z,2263.44,299
2016-08-15T00:00:00Z,4500.02,694
2016-08-16T00:00:00Z,4311.88,709
2016-08-17T00:00:00Z,4513.6,731
2016-08-18T00:00:00Z,4627.4,738
2016-08-19T00:00:00Z,4195.53,648
2016-08-20T00:00:00Z,2967.39,393
2016-08-21T00:00:00Z,2308.86,302
2016-08-22T00:00:00Z,4497.0,759
2016-08-23T00:00:00Z,4765.33,741
2016-08-24T00:00:00Z,4255.98,661
2016-08-25T00:00:00Z,4970.73,783
2016-08-26T00:00:00Z,5514.45,831
2016-08-27T00:00:00Z,2813.61,412
2016-08-28T00:00:00Z,2027.08,304
2016-08-29T00:00:00Z,4665.65,763
2016-08-30T00:00:00Z,4679.8,751
2016-08-31T00:00:00Z,4912.63,766
2016-01-09T00:00:00Z,5186.39,778
2016-02-09T00:00:00Z,5119.24,760
2016-03-09T00:00:00Z,2724.62,383
2016-04-09T00:00:00Z,2141.96,288
2016-05-09T00:00:00Z,2013.7,305
2016-06-09T00:00:00Z,4526.85,726
2016-07-09T00:00:00Z,4577.31,775
2016-08-09T00:00:00Z,4506.11,707
2016-09-09T00:00:00Z,5394.25,834
2016-10-09T00:00:00Z,3159.56,435
2016-11-09T00:00:00Z,2159.98,343
2016-12-09T00:00:00Z,4825.57,746
2016-09-13T00:00:00Z,4352.18,710
2016-09-14T00:00:00Z,4414.2,713
2016-09-15T00:00:00Z,4641.89,698
2016-09-16T00:00:00Z,4847.89,712
2016-09-17T00:00:00Z,2649.02,376
2016-09-18T00:00:00Z,2179.47,310
2016-09-19T00:00:00Z,4040.74,659
2016-09-20T00:00:00Z,4141.77,677
2016-09-21T00:00:00Z,4568.49,714
2016-09-22T00:00:00Z,4824.94,721
2016-09-23T00:00:00Z,5312.83,811
2016-09-24T00:00:00Z,2619.18,361
2016-09-25T00:00:00Z,2457.7,323
2016-09-26T00:00:00Z,4221.86,683
2016-09-27T00:00:00Z,4615.59,732
2016-09-28T00:00:00Z,4468.68,674
2016-09-29T00:00:00Z,5232.01,775
2016-09-30T00:00:00Z,4449.33,666
2016-01-10T00:00:00Z,3216.84,441
2016-02-10T00:00:00Z,2352.16,307
2016-03-10T00:00:00Z,4511.41,726
2016-04-10T00:00:00Z,4633.17,724
2016-05-10T00:00:00Z,5185.51,817
2016-06-10T00:00:00Z,4813.36,752
2016-07-10T00:00:00Z,5410.44,765
2016-08-10T00:00:00Z,3614.49,461
2016-09-10T00:00:00Z,2291.63,294
2016-10-10T00:00:00Z,4702.39,741
2016-11-10T00:00:00Z,4607.58,762
2016-12-10T00:00:00Z,4759.09,743
2016-10-13T00:00:00Z,4774.3,719
2016-10-14T00:00:00Z,5386.95,775
2016-10-15T00:00:00Z,2591.68,350
2016-10-16T00:00:00Z,1964.08,249
2016-10-17T00:00:00Z,4788.19,720
2016-10-18T00:00:00Z,4113.57,640
2016-10-19T00:00:00Z,5050.98,783
2016-10-20T00:00:00Z,5299.13,784
2016-10-21T00:00:00Z,5699.15,803
2016-10-22T00:00:00Z,3437.98,450
2016-10-23T00:00:00Z,2210.42,289
2016-10-24T00:00:00Z,4660.29,750
2016-10-25T00:00:00Z,4940.29,786
2016-10-26T00:00:00Z,4991.89,742
2016-10-27T00:00:00Z,4978.87,737
2016-10-28T00:00:00Z,5152.97,746
2016-10-29T00:00:00Z,3108.0,424
2016-10-30T00:00:00Z,2560.65,307
2016-10-31T00:00:00Z,4596.79,682
2016-01-11T00:00:00Z,4447.17,675
2016-02-11T00:00:00Z,5282.52,790
2016-03-11T00:00:00Z,4864.98,746
2016-04-11T00:00:00Z,5124.71,737
2016-05-11T00:00:00Z,3297.0,405
2016-06-11T00:00:00Z,2296.03,296
2016-07-11T00:00:00Z,4671.1,735
2016-08-11T00:00:00Z,4521.71,708
2016-09-11T00:00:00Z,4852.5,737
2016-10-11T00:00:00Z,5080.29,776
2016-11-11T00:00:00Z,5190.3,745
2016-12-11T00:00:00Z,3092.24,403
2016-11-13T00:00:00Z,2063.81,262
2016-11-14T00:00:00Z,4462.29,656
2016-11-15T00:00:00Z,4566.34,713
2016-11-16T00:00:00Z,4749.09,741
2016-11-17T00:00:00Z,5028.42,778
2016-11-18T00:00:00Z,5190.1,785
2016-11-19T00:00:00Z,3048.24,423
2016-11-20T00:00:00Z,2342.2,296
2016-11-21T00:00:00Z,5019.07,754
2016-11-22T00:00:00Z,4690.53,730
2016-11-23T00:00:00Z,5463.71,725
2016-11-25T00:00:00Z,2923.34,424
2016-11-26T00:00:00Z,2519.88,326
2016-11-27T00:00:00Z,2261.07,292
2016-11-28T00:00:00Z,4371.73,684
2016-11-29T00:00:00Z,4909.45,707
2016-11-30T00:00:00Z,5207.23,778
2016-01-12T00:00:00Z,4881.16,741
2016-02-12T00:00:00Z,5752.01,832
2016-03-12T00:00:00Z,3298.76,419
2016-04-12T00:00:00Z,2617.69,330
2016-05-12T00:00:00Z,4301.62,672
2016-06-12T00:00:00Z,4588.86,672
2016-07-12T00:00:00Z,4999.36,754
2016-08-12T00:00:00Z,4840.28,729
2016-09-12T00:00:00Z,5467.72,780
2016-10-12T00:00:00Z,3117.88,409
2016-11-12T00:00:00Z,2525.57,306
2016-12-12T00:00:00Z,4324.32,696
2016-12-13T00:00:00Z,4327.57,641
2016-12-14T00:00:00Z,4670.39,693
2016-12-15T00:00:00Z,4797.82,693
2016-12-16T00:00:00Z,4983.25,730
2016-12-17T00:00:00Z,2550.32,317
2016-12-18T00:00:00Z,2207.17,283
2016-12-19T00:00:00Z,4477.59,671
2016-12-20T00:00:00Z,4938.46,741
2016-12-21T00:00:00Z,5029.63,754
2016-12-22T00:00:00Z,5341.73,765
2016-12-23T00:00:00Z,4718.72,630
2016-12-24T00:00:00Z,1907.58,238
2016-12-25T00:00:00Z,0.0,0
2016-12-26T00:00:00Z,2565.64,338
2016-12-27T00:00:00Z,4781.95,684
2016-12-28T00:00:00Z,4577.04,645
2016-12-29T00:00:00Z,4848.98,655
2016-12-30T00:00:00Z,4666.99,641
2016-12-31T00:00:00Z,2576.1,313
2017-01-01T00:00:00Z,2027.95,235
2017-02-01T00:00:00Z,2726.33,366
2017-03-01T00:00:00Z,4243.0,647
2017-04-01T00:00:00Z,4643.53,688
2017-05-01T00:00:00Z,4217.33,608
2017-06-01T00:00:00Z,5002.19,700
2017-07-01T00:00:00Z,2724.4,353
2017-08-01T00:00:00Z,1952.37,260
2017-09-01T00:00:00Z,3828.77,600
2017-10-01T00:00:00Z,4395.47,657
2017-11-01T00:00:00Z,4408.24,671
2017-12-01T00:00:00Z,4667.41,693
2017-01-13T00:00:00Z,4777.61,683
2017-01-14T00:00:00Z,2619.47,347
2017-01-15T00:00:00Z,1929.52,268
2017-01-16T00:00:00Z,4163.24,635
2017-01-17T00:00:00Z,4182.28,658
2017-01-18T00:00:00Z,4048.13,611
2017-01-19T00:00:00Z,4588.38,689
2017-01-20T00:00:00Z,5091.83,733
2017-01-21T00:00:00Z,2911.96,416
2017-01-22T00:00:00Z,2080.45,281
