,timeStamp,sales,transactions
0,2012-12-31 00:00:00,2922.13,459
1,2013-01-01 00:00:00,1500.56,195
2,2013-01-02 00:00:00,4078.52,696
3,2013-01-03 00:00:00,4545.69,743
4,2013-01-04 00:00:00,4872.63,797
5,2013-01-05 00:00:00,2420.81,367
6,2013-01-06 00:00:00,1664.22,241
7,2013-01-07 00:00:00,3693.01,647
8,2013-01-08 00:00:00,3874.89,653
9,2013-01-09 00:00:00,4134.05,700
10,2013-01-10 00:00:00,4314.94,723
11,2013-01-11 00:00:00,4496.14,748
12,2013-01-12 00:00:00,2740.33,398
13,2013-01-13 00:00:00,1846.68,249
14,2013-01-14 00:00:00,3616.45,626
15,2013-01-15 00:00:00,4020.65,680
16,2013-01-16 00:00:00,4099.88,683
17,2013-01-17 00:00:00,4065.37,676
18,2013-01-18 00:00:00,4431.18,726
19,2013-01-19 00:00:00,2887.87,435
20,2013-01-20 00:00:00,1921.48,264
21,2013-01-21 00:00:00,3707.65,595
22,2013-01-22 00:00:00,3769.16,650
23,2013-01-23 00:00:00,3779.63,652
24,2013-01-24 00:00:00,4019.81,679
25,2013-01-25 00:00:00,4466.81,693
26,2013-01-26 00:00:00,2283.9,380
27,2013-01-27 00:00:00,1651.64,209
28,2013-01-28 00:00:00,3750.09,664
29,2013-01-29 00:00:00,3763.9,647
30,2013-01-30 00:00:00,3829.86,658
31,2013-01-31 00:00:00,4048.87,679
32,2013-02-01 00:00:00,4620.87,741
33,2013-02-02 00:00:00,2391.95,356
34,2013-02-03 00:00:00,1464.4,219
35,2013-02-04 00:00:00,3744.93,668
36,2013-02-05 00:00:00,3585.95,631
37,2013-02-06 00:00:00,3830.83,662
38,2013-02-07 00:00:00,4118.86,710
39,2013-02-08 00:00:00,4507.49,735
40,2013-02-09 00:00:00,2744.04,419
41,2013-02-10 00:00:00,1789.46,270
42,2013-02-11 00:00:00,3634.34,645
43,2013-02-12 00:00:00,3487.91,625
44,2013-02-13 00:00:00,4074.2,689
45,2013-02-14 00:00:00,3870.37,671
46,2013-02-15 00:00:00,4405.81,714
47,2013-02-16 00:00:00,2765.56,404
48,2013-02-17 00:00:00,2270.54,311
49,2013-02-18 00:00:00,4066.6,652
50,2013-02-19 00:00:00,4054.08,681
51,2013-02-20 00:00:00,4041.67,689
52,2013-02-21 00:00:00,4377.28,704
53,2013-02-22 00:00:00,3971.38,662
54,2013-02-23 00:00:00,2860.42,429
55,2013-02-24 00:00:00,1819.14,253
56,2013-02-25 00:00:00,3687.5,657
57,2013-02-26 00:00:00,4163.08,680
58,2013-02-27 00:00:00,4039.02,683
59,2013-02-28 00:00:00,4465.99,719
60,2013-03-01 00:00:00,4486.57,736
61,2013-03-02 00:00:00,2732.52,392
62,2013-03-03 00:00:00,2382.59,329
63,2013-03-04 00:00:00,3761.05,664
64,2013-03-05 00:00:00,3639.29,595
65,2013-03-06 00:00:00,3865.46,656
66,2013-03-07 00:00:00,3981.61,649
67,2013-03-08 00:00:00,4476.96,735
68,2013-03-09 00:00:00,2773.67,390
69,2013-03-10 00:00:00,2107.24,302
70,2013-03-11 00:00:00,3810.39,652
71,2013-03-12 00:00:00,4025.35,668
72,2013-03-13 00:00:00,3899.16,649
73,2013-03-14 00:00:00,4320.32,699
74,2013-03-15 00:00:00,4365.99,726
75,2013-03-16 00:00:00,2482.89,359
76,2013-03-17 00:00:00,2055.47,306
77,2013-03-18 00:00:00,3682.68,638
78,2013-03-19 00:00:00,3952.16,651
79,2013-03-20 00:00:00,3892.67,653
80,2013-03-21 00:00:00,3852.44,620
81,2013-03-22 00:00:00,4299.0,713
82,2013-03-23 00:00:00,2627.02,398
83,2013-03-24 00:00:00,1529.16,208
84,2013-03-25 00:00:00,3297.53,529
85,2013-03-26 00:00:00,3852.82,648
86,2013-03-27 00:00:00,3839.34,663
87,2013-03-28 00:00:00,4228.02,679
88,2013-03-29 00:00:00,4333.05,691
89,2013-03-30 00:00:00,2878.65,422
90,2013-03-31 00:00:00,1062.79,170
91,2013-04-01 00:00:00,3814.02,620
92,2013-04-02 00:00:00,4018.17,667
93,2013-04-03 00:00:00,4178.43,720
94,2013-04-04 00:00:00,3916.32,650
95,2013-04-05 00:00:00,4660.07,744
96,2013-04-06 00:00:00,2618.58,375
97,2013-04-07 00:00:00,1880.87,271
98,2013-04-08 00:00:00,3649.84,661
99,2013-04-09 00:00:00,4071.58,669
100,2013-04-10 00:00:00,4275.46,716
101,2013-04-11 00:00:00,4274.46,728
102,2013-04-12 00:00:00,4764.67,762
103,2013-04-13 00:00:00,2910.77,446
104,2013-04-14 00:00:00,2370.27,314
105,2013-04-15 00:00:00,4158.76,717
106,2013-04-16 00:00:00,4037.42,699
107,2013-04-17 00:00:00,4034.92,709
108,2013-04-18 00:00:00,4104.79,682
109,2013-04-19 00:00:00,5175.02,830
110,2013-04-20 00:00:00,2665.88,392
111,2013-04-21 00:00:00,2134.01,303
112,2013-04-22 00:00:00,3797.45,687
113,2013-04-23 00:00:00,4233.32,736
114,2013-04-24 00:00:00,4197.3,709
115,2013-04-25 00:00:00,4503.29,746
116,2013-04-26 00:00:00,5034.26,833
117,2013-04-27 00:00:00,3009.04,455
118,2013-04-28 00:00:00,1905.56,284
119,2013-04-29 00:00:00,3735.48,557
120,2013-04-30 00:00:00,4168.08,846
121,2013-05-01 00:00:00,4453.79,745
122,2013-05-02 00:00:00,4750.82,797
123,2013-05-03 00:00:00,4906.63,812
124,2013-05-04 00:00:00,3109.38,437
125,2013-05-05 00:00:00,2274.23,326
126,2013-05-06 00:00:00,3984.74,672
127,2013-05-07 00:00:00,4381.69,739
128,2013-05-08 00:00:00,4039.25,706
129,2013-05-09 00:00:00,4337.61,730
130,2013-05-10 00:00:00,4798.64,803
131,2013-05-11 00:00:00,2915.63,431
132,2013-05-12 00:00:00,1818.24,275
133,2013-05-13 00:00:00,4023.68,715
134,2013-05-14 00:00:00,3990.0,694
135,2013-05-15 00:00:00,4738.42,786
136,2013-05-16 00:00:00,4576.64,776
137,2013-05-17 00:00:00,4432.92,732
138,2013-05-18 00:00:00,2796.64,413
139,2013-05-19 00:00:00,2441.99,369
140,2013-05-20 00:00:00,4441.85,761
141,2013-05-21 00:00:00,4383.9,762
142,2013-05-22 00:00:00,4281.12,695
143,2013-05-23 00:00:00,4638.71,781
144,2013-05-24 00:00:00,4531.68,727
145,2013-05-25 00:00:00,2765.14,413
146,2013-05-26 00:00:00,2099.7,290
147,2013-05-27 00:00:00,1669.73,245
148,2013-05-28 00:00:00,4123.02,739
149,2013-05-29 00:00:00,4484.53,766
150,2013-05-30 00:00:00,4698.55,790
151,2013-05-31 00:00:00,5046.45,818
152,2013-06-01 00:00:00,3074.2,456
153,2013-06-02 00:00:00,1923.98,284
154,2013-06-03 00:00:00,4248.5,744
155,2013-06-04 00:00:00,4524.04,743
156,2013-06-05 00:00:00,5102.7,816
157,2013-06-06 00:00:00,4573.2,751
158,2013-06-07 00:00:00,5138.2,785
159,2013-06-08 00:00:00,2614.1,397
160,2013-06-09 00:00:00,2258.98,317
161,2013-06-10 00:00:00,4510.18,779
162,2013-06-11 00:00:00,4807.48,755
163,2013-06-12 00:00:00,4631.8,796
164,2013-06-13 00:00:00,4965.41,775
165,2013-06-14 00:00:00,5188.91,832
166,2013-06-15 00:00:00,3044.38,435
167,2013-06-16 00:00:00,1539.62,246
168,2013-06-17 00:00:00,4094.15,697
169,2013-06-18 00:00:00,4656.97,748
170,2013-06-19 00:00:00,4805.51,787
171,2013-06-20 00:00:00,4333.18,752
172,2013-06-21 00:00:00,5563.28,860
173,2013-06-22 00:00:00,2888.35,424
174,2013-06-23 00:00:00,2101.56,288
175,2013-06-24 00:00:00,4692.93,753
176,2013-06-25 00:00:00,4811.36,793
177,2013-06-26 00:00:00,4601.78,745
178,2013-06-27 00:00:00,4715.71,733
179,2013-06-28 00:00:00,5081.69,805
180,2013-06-29 00:00:00,2901.48,408
181,2013-06-30 00:00:00,2192.75,325
182,2013-07-01 00:00:00,4596.38,750
183,2013-07-02 00:00:00,4359.13,736
184,2013-07-03 00:00:00,4921.69,795
185,2013-07-04 00:00:00,1824.78,256
186,2013-07-05 00:00:00,3949.34,616
187,2013-07-06 00:00:00,2889.11,385
188,2013-07-07 00:00:00,2014.45,275
189,2013-07-08 00:00:00,4038.6,686
190,2013-07-09 00:00:00,4579.76,751
191,2013-07-10 00:00:00,5094.96,773
192,2013-07-11 00:00:00,5177.39,825
193,2013-07-12 00:00:00,5606.21,836
194,2013-07-13 00:00:00,2847.59,419
195,2013-07-14 00:00:00,2134.61,307
196,2013-07-15 00:00:00,4731.32,773
197,2013-07-16 00:00:00,4647.07,734
198,2013-07-17 00:00:00,4700.8,750
199,2013-07-18 00:00:00,5026.0,786
200,2013-07-19 00:00:00,5489.64,811
201,2013-07-20 00:00:00,3173.63,428
202,2013-07-21 00:00:00,2087.53,302
203,2013-07-22 00:00:00,4363.04,725
204,2013-07-23 00:00:00,4850.12,787
205,2013-07-24 00:00:00,4781.47,748
206,2013-07-25 00:00:00,4999.47,767
207,2013-07-26 00:00:00,5005.35,782
208,2013-07-27 00:00:00,2295.88,351
209,2013-07-28 00:00:00,1951.3,279
210,2013-07-29 00:00:00,4699.86,770
211,2013-07-30 00:00:00,4877.21,809
212,2013-07-31 00:00:00,4594.7,761
213,2013-08-01 00:00:00,5312.63,865
214,2013-08-02 00:00:00,5239.44,834
215,2013-08-03 00:00:00,2954.04,434
216,2013-08-04 00:00:00,2167.02,308
217,2013-08-05 00:00:00,4979.17,810
218,2013-08-06 00:00:00,4652.59,757
219,2013-08-07 00:00:00,4983.08,813
220,2013-08-08 00:00:00,4744.99,760
221,2013-08-09 00:00:00,5093.06,826
222,2013-08-10 00:00:00,3261.02,452
223,2013-08-11 00:00:00,2041.56,288
224,2013-08-12 00:00:00,4582.07,763
225,2013-08-13 00:00:00,4620.94,761
226,2013-08-14 00:00:00,4435.3,744
227,2013-08-15 00:00:00,4698.13,751
228,2013-08-16 00:00:00,5166.15,840
229,2013-08-17 00:00:00,2693.88,399
230,2013-08-18 00:00:00,2295.75,306
231,2013-08-19 00:00:00,3989.67,702
232,2013-08-20 00:00:00,4611.7,789
233,2013-08-21 00:00:00,4549.83,765
234,2013-08-22 00:00:00,4854.0,772
235,2013-08-23 00:00:00,5074.83,827
236,2013-08-24 00:00:00,3060.25,452
237,2013-08-25 00:00:00,2114.61,288
238,2013-08-26 00:00:00,4105.96,717
239,2013-08-27 00:00:00,4081.74,717
240,2013-08-28 00:00:00,4382.5,754
241,2013-08-29 00:00:00,4733.04,801
242,2013-08-30 00:00:00,4827.99,768
243,2013-08-31 00:00:00,2643.94,387
244,2013-09-01 00:00:00,1787.33,276
245,2013-09-02 00:00:00,1933.52,279
246,2013-09-03 00:00:00,4243.11,724
247,2013-09-04 00:00:00,4316.79,750
248,2013-09-05 00:00:00,4622.39,772
249,2013-09-06 00:00:00,4390.54,732
250,2013-09-07 00:00:00,2695.29,385
251,2013-09-08 00:00:00,1939.16,284
252,2013-09-09 00:00:00,4189.91,720
253,2013-09-10 00:00:00,4386.11,784
254,2013-09-11 00:00:00,3901.88,715
255,2013-09-12 00:00:00,4141.14,714
256,2013-09-13 00:00:00,5073.51,819
257,2013-09-14 00:00:00,2647.99,403
258,2013-09-15 00:00:00,2065.75,283
259,2013-09-16 00:00:00,4203.63,712
260,2013-09-17 00:00:00,4419.41,712
261,2013-09-18 00:00:00,4552.06,767
262,2013-09-19 00:00:00,4005.93,716
263,2013-09-20 00:00:00,4821.53,790
264,2013-09-21 00:00:00,2885.53,435
265,2013-09-22 00:00:00,2071.57,282
266,2013-09-23 00:00:00,4253.98,729
267,2013-09-24 00:00:00,4121.74,737
268,2013-09-25 00:00:00,4591.16,794
269,2013-09-26 00:00:00,4424.24,742
270,2013-09-27 00:00:00,4758.32,775
271,2013-09-28 00:00:00,2637.66,389
272,2013-09-29 00:00:00,1783.03,262
273,2013-09-30 00:00:00,4509.43,759
274,2013-10-01 00:00:00,4277.75,749
275,2013-10-02 00:00:00,4634.21,779
276,2013-10-03 00:00:00,4537.54,750
277,2013-10-04 00:00:00,5424.31,848
278,2013-10-05 00:00:00,2801.48,404
279,2013-10-06 00:00:00,2027.57,268
280,2013-10-07 00:00:00,4348.84,720
281,2013-10-08 00:00:00,4545.91,778
282,2013-10-09 00:00:00,4489.53,772
283,2013-10-10 00:00:00,4718.53,811
284,2013-10-11 00:00:00,5431.05,851
285,2013-10-12 00:00:00,2742.3,413
286,2013-10-13 00:00:00,2415.41,314
287,2013-10-14 00:00:00,4237.61,706
288,2013-10-15 00:00:00,4548.53,786
289,2013-10-16 00:00:00,4008.98,725
290,2013-10-17 00:00:00,4479.87,745
291,2013-10-18 00:00:00,5482.78,839
292,2013-10-19 00:00:00,2857.16,429
293,2013-10-20 00:00:00,1933.0,275
294,2013-10-21 00:00:00,4699.78,772
295,2013-10-22 00:00:00,4897.73,804
296,2013-10-23 00:00:00,4808.15,801
297,2013-10-24 00:00:00,4763.68,766
298,2013-10-25 00:00:00,5006.07,802
299,2013-10-26 00:00:00,3034.97,432
300,2013-10-27 00:00:00,2418.88,324
301,2013-10-28 00:00:00,4501.22,775
302,2013-10-29 00:00:00,4564.83,758
303,2013-10-30 00:00:00,4684.38,777
304,2013-10-31 00:00:00,4148.41,681
305,2013-11-01 00:00:00,5217.87,816
306,2013-11-02 00:00:00,3346.59,457
307,2013-11-03 00:00:00,2077.5,281
308,2013-11-04 00:00:00,4486.98,754
309,2013-11-05 00:00:00,4506.95,756
310,2013-11-06 00:00:00,4429.34,718
311,2013-11-07 00:00:00,4787.7,755
312,2013-11-08 00:00:00,5682.61,871
313,2013-11-09 00:00:00,3548.01,460
314,2013-11-10 00:00:00,2337.36,310
315,2013-11-11 00:00:00,4120.73,688
316,2013-11-12 00:00:00,4581.91,739
317,2013-11-13 00:00:00,4525.08,754
318,2013-11-14 00:00:00,4927.67,781
319,2013-11-15 00:00:00,5698.52,849
320,2013-11-16 00:00:00,2986.0,439
321,2013-11-17 00:00:00,2006.36,278
322,2013-11-18 00:00:00,4414.25,761
323,2013-11-19 00:00:00,4513.78,754
324,2013-11-20 00:00:00,5035.46,799
325,2013-11-21 00:00:00,5085.78,804
326,2013-11-22 00:00:00,5431.68,847
327,2013-11-23 00:00:00,3602.69,517
328,2013-11-24 00:00:00,2243.35,322
329,2013-11-25 00:00:00,4825.16,812
330,2013-11-26 00:00:00,4885.71,810
331,2013-11-27 00:00:00,5077.93,760
332,2013-11-29 00:00:00,3079.93,452
333,2013-11-30 00:00:00,3052.61,429
334,2013-12-01 00:00:00,2143.25,286
335,2013-12-02 00:00:00,4866.59,798
336,2013-12-03 00:00:00,4767.45,765
337,2013-12-04 00:00:00,4735.56,772
338,2013-12-05 00:00:00,4881.99,776
339,2013-12-06 00:00:00,4493.68,707
340,2013-12-07 00:00:00,3319.7,447
341,2013-12-08 00:00:00,2252.83,300
342,2013-12-09 00:00:00,4298.03,731
343,2013-12-10 00:00:00,4769.25,771
344,2013-12-11 00:00:00,4457.0,746
345,2013-12-12 00:00:00,5230.25,823
346,2013-12-13 00:00:00,5438.94,818
347,2013-12-14 00:00:00,3090.33,443
348,2013-12-15 00:00:00,2440.19,325
349,2013-12-16 00:00:00,4299.35,687
350,2013-12-17 00:00:00,4907.48,789
351,2013-12-18 00:00:00,4648.48,774
352,2013-12-19 00:00:00,5394.16,817
353,2013-12-20 00:00:00,5060.85,772
354,2013-12-21 00:00:00,3428.08,476
355,2013-12-22 00:00:00,2452.94,328
356,2013-12-23 00:00:00,5252.48,822
357,2013-12-24 00:00:00,2553.47,408
358,2013-12-26 00:00:00,4032.91,606
359,2013-12-27 00:00:00,4575.54,700
360,2013-12-28 00:00:00,2762.26,411
361,2013-12-29 00:00:00,2183.89,281
362,2013-12-30 00:00:00,4567.7,691
363,2013-12-31 00:00:00,3768.49,563
364,2014-01-01 00:00:00,1453.68,228
365,2014-01-02 00:00:00,3596.61,528
366,2014-01-03 00:00:00,4882.71,741
367,2014-01-04 00:00:00,2937.43,386
368,2014-01-05 00:00:00,229.09,28
369,2014-01-06 00:00:00,0.0,0
370,2014-01-07 00:00:00,2847.2,381
371,2014-01-08 00:00:00,3789.54,567
372,2014-01-09 00:00:00,4272.18,639
373,2014-01-10 00:00:00,4836.95,742
374,2014-01-11 00:00:00,2548.68,367
375,2014-01-12 00:00:00,2160.91,300
376,2014-01-13 00:00:00,3977.56,667
377,2014-01-14 00:00:00,3867.49,672
378,2014-01-15 00:00:00,4187.04,661
379,2014-01-16 00:00:00,3825.39,636
380,2014-01-17 00:00:00,4811.17,741
381,2014-01-18 00:00:00,2234.57,322
382,2014-01-19 00:00:00,1639.15,227
383,2014-01-20 00:00:00,4476.09,692
384,2014-01-21 00:00:00,3566.52,570
385,2014-01-22 00:00:00,3781.28,616
386,2014-01-23 00:00:00,4098.18,652
387,2014-01-24 00:00:00,4647.32,705
388,2014-01-25 00:00:00,2134.27,300
389,2014-01-26 00:00:00,1836.01,238
390,2014-01-27 00:00:00,3306.9,570
391,2014-01-28 00:00:00,3354.79,534
392,2014-01-29 00:00:00,4094.06,640
393,2014-01-30 00:00:00,4257.57,700
394,2014-01-31 00:00:00,4592.15,710
395,2014-02-01 00:00:00,2862.53,394
396,2014-02-02 00:00:00,1470.3,214
397,2014-02-03 00:00:00,3708.86,628
398,2014-02-04 00:00:00,3896.8,609
399,2014-02-05 00:00:00,2597.87,402
400,2014-02-06 00:00:00,3926.06,626
401,2014-02-07 00:00:00,4462.21,705
402,2014-02-08 00:00:00,2732.34,400
403,2014-02-09 00:00:00,2346.33,308
404,2014-02-10 00:00:00,4145.28,687
405,2014-02-11 00:00:00,4106.45,662
406,2014-02-12 00:00:00,4583.77,718
407,2014-02-13 00:00:00,4548.17,723
408,2014-02-14 00:00:00,4527.18,646
409,2014-02-15 00:00:00,3052.83,395
410,2014-02-16 00:00:00,2154.65,272
411,2014-02-17 00:00:00,3802.99,593
412,2014-02-18 00:00:00,4788.0,702
413,2014-02-19 00:00:00,4571.02,733
414,2014-02-20 00:00:00,4241.79,690
415,2014-02-21 00:00:00,4972.98,808
416,2014-02-22 00:00:00,2694.7,409
417,2014-02-23 00:00:00,1969.88,272
418,2014-02-24 00:00:00,4178.81,697
419,2014-02-25 00:00:00,4403.49,729
420,2014-02-26 00:00:00,4474.09,694
421,2014-02-27 00:00:00,4689.97,730
422,2014-02-28 00:00:00,5583.14,825
423,2014-03-01 00:00:00,3103.22,413
424,2014-03-02 00:00:00,1194.14,165
425,2014-03-03 00:00:00,3813.82,622
426,2014-03-04 00:00:00,4116.8,676
427,2014-03-05 00:00:00,4475.67,738
428,2014-03-06 00:00:00,4559.62,737
429,2014-03-07 00:00:00,4689.57,739
430,2014-03-08 00:00:00,3101.47,410
431,2014-03-09 00:00:00,2118.0,285
432,2014-03-10 00:00:00,4372.07,735
433,2014-03-11 00:00:00,4674.2,745
434,2014-03-12 00:00:00,4033.31,642
435,2014-03-13 00:00:00,3819.51,606
436,2014-03-14 00:00:00,5259.36,824
437,2014-03-15 00:00:00,2974.37,440
438,2014-03-16 00:00:00,2120.81,290
439,2014-03-17 00:00:00,4228.83,706
440,2014-03-18 00:00:00,4443.47,800
441,2014-03-19 00:00:00,4260.38,712
442,2014-03-20 00:00:00,4785.53,764
443,2014-03-21 00:00:00,5179.24,826
444,2014-03-22 00:00:00,3282.83,449
445,2014-03-23 00:00:00,2113.53,280
446,2014-03-24 00:00:00,3943.1,672
447,2014-03-25 00:00:00,4004.51,682
448,2014-03-26 00:00:00,4823.79,789
449,2014-03-27 00:00:00,4420.37,715
450,2014-03-28 00:00:00,5070.39,797
451,2014-03-29 00:00:00,2789.38,421
452,2014-03-30 00:00:00,2274.27,297
453,2014-03-31 00:00:00,4413.61,714
454,2014-04-01 00:00:00,4412.14,736
455,2014-04-02 00:00:00,4340.61,700
456,2014-04-03 00:00:00,4387.99,695
457,2014-04-04 00:00:00,4557.21,729
458,2014-04-05 00:00:00,2961.9,418
459,2014-04-06 00:00:00,2066.98,298
460,2014-04-07 00:00:00,4282.66,721
461,2014-04-08 00:00:00,4395.95,721
462,2014-04-09 00:00:00,4586.85,732
463,2014-04-10 00:00:00,4894.83,809
464,2014-04-11 00:00:00,5593.47,864
465,2014-04-12 00:00:00,3625.75,518
466,2014-04-13 00:00:00,2355.74,307
467,2014-04-14 00:00:00,4386.77,732
468,2014-04-15 00:00:00,4585.12,774
469,2014-04-16 00:00:00,4689.24,775
470,2014-04-17 00:00:00,4777.92,764
471,2014-04-18 00:00:00,4900.83,765
472,2014-04-19 00:00:00,3090.99,462
473,2014-04-20 00:00:00,1076.82,165
474,2014-04-21 00:00:00,4275.98,710
475,2014-04-22 00:00:00,4528.02,743
476,2014-04-23 00:00:00,4734.74,771
477,2014-04-24 00:00:00,4913.99,806
478,2014-04-25 00:00:00,5158.76,794
479,2014-04-26 00:00:00,3467.67,494
480,2014-04-27 00:00:00,2295.75,307
481,2014-04-28 00:00:00,4463.42,724
482,2014-04-29 00:00:00,4730.23,783
483,2014-04-30 00:00:00,4843.4,778
484,2014-05-01 00:00:00,4938.0,796
485,2014-05-02 00:00:00,5588.29,856
486,2014-05-03 00:00:00,3533.9,492
487,2014-05-04 00:00:00,2650.61,345
488,2014-05-05 00:00:00,4519.37,766
489,2014-05-06 00:00:00,4802.38,763
490,2014-05-07 00:00:00,5322.83,823
491,2014-05-08 00:00:00,5350.87,841
492,2014-05-09 00:00:00,5270.45,846
493,2014-05-10 00:00:00,3430.81,454
494,2014-05-11 00:00:00,2026.61,285
495,2014-05-12 00:00:00,4984.97,808
496,2014-05-13 00:00:00,4835.54,770
497,2014-05-14 00:00:00,4619.08,760
498,2014-05-15 00:00:00,4637.6,764
499,2014-05-16 00:00:00,5261.16,799
500,2014-05-17 00:00:00,3456.39,480
501,2014-05-18 00:00:00,2183.47,318
502,2014-05-19 00:00:00,4860.45,783
503,2014-05-20 00:00:00,4559.78,752
504,2014-05-21 00:00:00,5251.62,810
505,2014-05-22 00:00:00,5049.71,803
506,2014-05-23 00:00:00,5288.77,821
507,2014-05-24 00:00:00,3062.47,423
508,2014-05-25 00:00:00,2199.49,301
509,2014-05-26 00:00:00,1751.29,261
510,2014-05-27 00:00:00,4639.04,776
511,2014-05-28 00:00:00,4773.42,782
512,2014-05-29 00:00:00,5067.36,796
513,2014-05-30 00:00:00,5511.61,862
514,2014-05-31 00:00:00,3117.73,447
515,2014-06-01 00:00:00,2389.56,342
516,2014-06-02 00:00:00,4507.04,745
517,2014-06-03 00:00:00,4855.55,806
518,2014-06-04 00:00:00,4861.07,798
519,2014-06-05 00:00:00,5214.57,838
520,2014-06-06 00:00:00,5481.98,832
521,2014-06-07 00:00:00,3040.34,445
522,2014-06-08 00:00:00,2186.25,291
523,2014-06-09 00:00:00,4824.3,798
524,2014-06-10 00:00:00,4722.16,774
525,2014-06-11 00:00:00,5062.64,831
526,2014-06-12 00:00:00,5130.97,798
527,2014-06-13 00:00:00,5817.02,832
528,2014-06-14 00:00:00,2975.81,436
529,2014-06-15 00:00:00,1967.39,265
530,2014-06-16 00:00:00,4549.82,754
531,2014-06-17 00:00:00,4875.35,778
532,2014-06-18 00:00:00,4776.13,766
533,2014-06-19 00:00:00,5047.96,788
534,2014-06-20 00:00:00,5693.83,853
535,2014-06-21 00:00:00,3055.76,451
536,2014-06-22 00:00:00,2415.3,339
537,2014-06-23 00:00:00,4574.66,759
538,2014-06-24 00:00:00,4609.57,746
539,2014-06-25 00:00:00,5081.03,824
540,2014-06-26 00:00:00,4895.98,796
541,2014-06-27 00:00:00,5591.09,884
542,2014-06-28 00:00:00,3005.28,425
543,2014-06-29 00:00:00,2335.29,318
544,2014-06-30 00:00:00,4602.91,753
545,2014-07-01 00:00:00,4864.15,795
546,2014-07-02 00:00:00,4762.34,764
547,2014-07-03 00:00:00,5431.86,810
548,2014-07-04 00:00:00,1884.29,270
549,2014-07-05 00:00:00,2353.96,336
550,2014-07-06 00:00:00,1817.2,257
551,2014-07-07 00:00:00,4422.43,698
552,2014-07-08 00:00:00,4623.59,764
553,2014-07-09 00:00:00,4970.94,802
554,2014-07-10 00:00:00,5016.38,769
555,2014-07-11 00:00:00,5610.13,824
556,2014-07-12 00:00:00,3014.82,419
557,2014-07-13 00:00:00,2125.0,292
558,2014-07-14 00:00:00,4617.82,745
559,2014-07-15 00:00:00,4892.99,789
560,2014-07-16 00:00:00,5020.99,761
561,2014-07-17 00:00:00,5155.25,802
562,2014-07-18 00:00:00,5461.33,797
563,2014-07-19 00:00:00,2743.31,387
564,2014-07-20 00:00:00,2128.82,310
565,2014-07-21 00:00:00,4461.33,722
566,2014-07-22 00:00:00,4750.24,738
567,2014-07-23 00:00:00,4536.11,717
568,2014-07-24 00:00:00,4854.41,759
569,2014-07-25 00:00:00,5162.22,754
570,2014-07-26 00:00:00,2569.73,354
571,2014-07-27 00:00:00,2033.76,274
572,2014-07-28 00:00:00,4455.77,715
573,2014-07-29 00:00:00,4455.95,729
574,2014-07-30 00:00:00,4640.24,767
575,2014-07-31 00:00:00,5571.13,865
576,2014-08-01 00:00:00,5985.87,879
577,2014-08-02 00:00:00,3045.9,396
578,2014-08-03 00:00:00,2242.8,330
579,2014-08-04 00:00:00,5080.42,799
580,2014-08-05 00:00:00,4873.02,808
581,2014-08-06 00:00:00,4800.4,814
582,2014-08-07 00:00:00,4948.88,788
583,2014-08-08 00:00:00,5058.63,763
584,2014-08-09 00:00:00,2800.17,415
585,2014-08-10 00:00:00,2110.31,315
586,2014-08-11 00:00:00,4232.22,709
587,2014-08-12 00:00:00,4454.14,717
588,2014-08-13 00:00:00,4370.57,735
589,2014-08-14 00:00:00,4629.9,736
590,2014-08-15 00:00:00,5062.68,787
591,2014-08-16 00:00:00,3005.15,417
592,2014-08-17 00:00:00,2190.62,292
593,2014-08-18 00:00:00,3984.06,698
594,2014-08-19 00:00:00,4187.14,719
595,2014-08-20 00:00:00,4649.92,750
596,2014-08-21 00:00:00,4638.82,736
597,2014-08-22 00:00:00,5102.59,814
598,2014-08-23 00:00:00,2834.16,389
599,2014-08-24 00:00:00,1864.77,283
600,2014-08-25 00:00:00,4175.77,707
601,2014-08-26 00:00:00,4115.63,684
602,2014-08-27 00:00:00,4249.09,721
603,2014-08-28 00:00:00,4717.88,742
604,2014-08-29 00:00:00,4821.82,768
605,2014-08-30 00:00:00,2734.2,381
606,2014-08-31 00:00:00,1692.02,239
607,2014-09-01 00:00:00,2038.91,271
608,2014-09-02 00:00:00,4068.91,654
609,2014-09-03 00:00:00,4841.74,776
610,2014-09-04 00:00:00,4629.57,744
611,2014-09-05 00:00:00,5176.9,802
612,2014-09-06 00:00:00,3082.81,382
613,2014-09-07 00:00:00,1840.5,249
614,2014-09-08 00:00:00,4160.22,689
615,2014-09-09 00:00:00,4565.09,719
616,2014-09-10 00:00:00,4491.7,685
617,2014-09-11 00:00:00,4961.47,785
618,2014-09-12 00:00:00,5471.01,819
619,2014-09-13 00:00:00,3059.93,432
620,2014-09-14 00:00:00,1751.95,242
621,2014-09-15 00:00:00,4578.47,724
622,2014-09-16 00:00:00,4540.23,732
623,2014-09-17 00:00:00,4766.58,773
624,2014-09-18 00:00:00,4856.58,790
625,2014-09-19 00:00:00,5116.84,796
626,2014-09-20 00:00:00,2993.45,420
627,2014-09-21 00:00:00,1953.23,279
628,2014-09-22 00:00:00,4084.55,684
629,2014-09-23 00:00:00,4279.08,661
630,2014-09-24 00:00:00,4661.98,753
631,2014-09-25 00:00:00,4699.83,756
632,2014-09-26 00:00:00,4883.13,760
633,2014-09-27 00:00:00,3000.7,420
634,2014-09-28 00:00:00,2243.78,287
635,2014-09-29 00:00:00,4333.32,730
636,2014-09-30 00:00:00,4760.39,765
637,2014-10-01 00:00:00,4689.86,747
638,2014-10-02 00:00:00,4780.11,729
639,2014-10-03 00:00:00,5360.16,821
640,2014-10-04 00:00:00,3345.97,438
641,2014-10-05 00:00:00,2472.73,308
642,2014-10-06 00:00:00,4361.62,725
643,2014-10-07 00:00:00,4615.02,738
644,2014-10-08 00:00:00,4782.28,755
645,2014-10-09 00:00:00,5121.99,770
646,2014-10-10 00:00:00,5771.11,858
647,2014-10-11 00:00:00,3589.34,444
648,2014-10-12 00:00:00,2012.2,275
649,2014-10-13 00:00:00,4573.77,739
650,2014-10-14 00:00:00,4306.58,715
651,2014-10-15 00:00:00,4645.26,749
652,2014-10-16 00:00:00,4871.04,770
653,2014-10-17 00:00:00,5105.53,741
654,2014-10-18 00:00:00,2919.16,389
655,2014-10-19 00:00:00,2193.09,261
656,2014-10-20 00:00:00,4942.13,799
657,2014-10-21 00:00:00,4781.39,762
658,2014-10-22 00:00:00,4835.96,775
659,2014-10-23 00:00:00,4721.18,758
660,2014-10-24 00:00:00,5028.56,780
661,2014-10-25 00:00:00,2987.86,432
662,2014-10-26 00:00:00,2319.85,303
663,2014-10-27 00:00:00,4337.25,723
664,2014-10-28 00:00:00,4568.21,590
665,2014-10-29 00:00:00,4606.64,749
666,2014-10-30 00:00:00,4802.52,714
667,2014-10-31 00:00:00,5031.59,772
668,2014-11-01 00:00:00,3388.11,451
669,2014-11-02 00:00:00,2124.5,293
670,2014-11-03 00:00:00,4623.45,767
671,2014-11-04 00:00:00,4365.53,698
672,2014-11-05 00:00:00,4750.3,769
673,2014-11-06 00:00:00,4836.85,781
674,2014-11-07 00:00:00,5404.2,813
675,2014-11-08 00:00:00,3107.67,422
676,2014-11-09 00:00:00,2207.26,286
677,2014-11-10 00:00:00,4616.57,740
678,2014-11-11 00:00:00,4440.78,727
679,2014-11-12 00:00:00,4774.22,752
680,2014-11-13 00:00:00,5156.34,793
681,2014-11-14 00:00:00,5792.59,824
682,2014-11-15 00:00:00,3485.32,472
683,2014-11-16 00:00:00,2219.26,294
684,2014-11-17 00:00:00,4610.18,678
685,2014-11-18 00:00:00,4470.25,680
686,2014-11-19 00:00:00,4681.19,718
687,2014-11-20 00:00:00,4964.25,744
688,2014-11-21 00:00:00,5455.47,807
689,2014-11-22 00:00:00,3351.22,482
690,2014-11-23 00:00:00,2245.53,300
691,2014-11-24 00:00:00,4527.53,731
692,2014-11-25 00:00:00,5220.63,810
693,2014-11-26 00:00:00,5016.39,723
694,2014-11-28 00:00:00,3229.14,451
695,2014-11-29 00:00:00,2916.13,366
696,2014-11-30 00:00:00,2247.34,311
697,2014-12-01 00:00:00,4837.61,768
698,2014-12-02 00:00:00,5048.4,756
699,2014-12-03 00:00:00,5146.21,824
700,2014-12-04 00:00:00,5313.22,831
701,2014-12-05 00:00:00,5424.43,803
702,2014-12-06 00:00:00,3415.99,459
703,2014-12-07 00:00:00,2495.15,333
704,2014-12-08 00:00:00,4498.98,730
705,2014-12-09 00:00:00,4780.39,758
706,2014-12-10 00:00:00,4616.06,735
707,2014-12-11 00:00:00,5206.53,770
708,2014-12-12 00:00:00,5592.58,812
709,2014-12-13 00:00:00,3405.92,469
710,2014-12-14 00:00:00,2618.9,341
711,2014-12-15 00:00:00,4643.75,767
712,2014-12-16 00:00:00,5235.68,821
713,2014-12-17 00:00:00,4867.34,780
714,2014-12-18 00:00:00,5307.68,828
715,2014-12-19 00:00:00,5625.87,804
716,2014-12-20 00:00:00,3694.27,507
717,2014-12-21 00:00:00,2374.36,352
718,2014-12-22 00:00:00,5661.42,820
719,2014-12-23 00:00:00,5483.02,796
720,2014-12-24 00:00:00,3112.1,431
721,2014-12-26 00:00:00,3588.99,527
722,2014-12-27 00:00:00,2332.9,342
723,2014-12-28 00:00:00,1864.75,254
724,2014-12-29 00:00:00,4497.92,696
725,2014-12-30 00:00:00,4116.66,653
726,2014-12-31 00:00:00,3902.97,575
727,2015-01-01 00:00:00,1677.88,227
728,2015-01-02 00:00:00,4206.77,642
729,2015-01-03 00:00:00,2625.98,357
730,2015-01-04 00:00:00,1755.86,229
731,2015-01-05 00:00:00,4244.2,668
732,2015-01-06 00:00:00,3772.78,595
733,2015-01-07 00:00:00,4011.1,597
734,2015-01-08 00:00:00,4283.81,641
735,2015-01-09 00:00:00,5019.59,725
736,2015-01-10 00:00:00,2466.32,361
737,2015-01-11 00:00:00,1601.87,207
738,2015-01-12 00:00:00,3535.16,565
739,2015-01-13 00:00:00,3778.57,594
740,2015-01-14 00:00:00,4304.54,674
741,2015-01-15 00:00:00,4335.36,688
742,2015-01-16 00:00:00,5235.75,792
743,2015-01-17 00:00:00,2825.77,382
744,2015-01-18 00:00:00,1753.97,262
745,2015-01-19 00:00:00,4443.87,690
746,2015-01-20 00:00:00,4005.61,670
747,2015-01-21 00:00:00,4377.81,696
748,2015-01-22 00:00:00,4568.26,716
749,2015-01-23 00:00:00,4984.98,766
750,2015-01-24 00:00:00,2663.85,395
751,2015-01-25 00:00:00,1871.44,244
752,2015-01-26 00:00:00,4068.48,642
753,2015-01-27 00:00:00,4300.01,669
754,2015-01-28 00:00:00,4148.46,664
755,2015-01-29 00:00:00,4134.31,665
756,2015-01-30 00:00:00,4801.83,741
757,2015-01-31 00:00:00,2612.22,377
758,2015-02-01 00:00:00,1088.57,157
759,2015-02-02 00:00:00,4041.92,646
760,2015-02-03 00:00:00,3826.81,641
761,2015-02-04 00:00:00,4317.02,695
762,2015-02-05 00:00:00,4284.34,671
763,2015-02-06 00:00:00,5039.4,752
764,2015-02-07 00:00:00,2859.77,405
765,2015-02-08 00:00:00,2355.76,306
766,2015-02-09 00:00:00,4477.13,668
767,2015-02-10 00:00:00,4293.76,674
768,2015-02-11 00:00:00,4373.47,702
769,2015-02-12 00:00:00,4488.49,694
770,2015-02-13 00:00:00,5034.78,775
771,2015-02-14 00:00:00,2620.19,345
772,2015-02-15 00:00:00,2446.82,318
773,2015-02-16 00:00:00,4050.81,629
774,2015-02-17 00:00:00,4400.16,668
775,2015-02-18 00:00:00,4038.74,638
776,2015-02-19 00:00:00,4435.73,664
777,2015-02-20 00:00:00,4671.16,712
778,2015-02-21 00:00:00,2309.25,315
779,2015-02-22 00:00:00,1994.93,251
780,2015-02-23 00:00:00,3780.76,611
781,2015-02-24 00:00:00,4423.45,660
782,2015-02-25 00:00:00,4843.79,744
783,2015-02-26 00:00:00,4426.57,695
784,2015-02-27 00:00:00,4943.23,748
785,2015-02-28 00:00:00,2976.37,395
786,2015-03-01 00:00:00,1463.28,196
787,2015-03-02 00:00:00,4258.67,657
788,2015-03-03 00:00:00,4578.35,656
789,2015-03-04 00:00:00,4556.04,713
790,2015-03-05 00:00:00,4582.16,710
791,2015-03-06 00:00:00,5600.25,797
792,2015-03-07 00:00:00,3287.33,439
793,2015-03-08 00:00:00,2255.74,283
794,2015-03-09 00:00:00,4578.6,699
795,2015-03-10 00:00:00,4332.58,685
796,2015-03-11 00:00:00,4559.89,716
797,2015-03-12 00:00:00,4656.35,748
798,2015-03-13 00:00:00,4775.23,721
799,2015-03-14 00:00:00,3614.01,461
800,2015-03-15 00:00:00,2288.24,328
801,2015-03-16 00:00:00,4255.62,692
802,2015-03-17 00:00:00,4370.52,691
803,2015-03-18 00:00:00,4386.57,681
804,2015-03-19 00:00:00,4551.3,733
805,2015-03-20 00:00:00,5205.15,768
806,2015-03-21 00:00:00,2512.55,358
807,2015-03-22 00:00:00,2415.42,318
808,2015-03-23 00:00:00,4134.09,645
809,2015-03-24 00:00:00,3960.41,628
810,2015-03-25 00:00:00,4555.76,701
811,2015-03-26 00:00:00,4671.5,756
812,2015-03-27 00:00:00,5033.58,776
813,2015-03-28 00:00:00,3006.46,411
814,2015-03-29 00:00:00,1965.17,284
815,2015-03-30 00:00:00,4129.48,650
816,2015-03-31 00:00:00,4669.02,733
817,2015-04-01 00:00:00,4505.8,720
818,2015-04-02 00:00:00,5140.05,780
819,2015-04-03 00:00:00,4706.03,696
820,2015-04-04 00:00:00,3283.79,439
821,2015-04-05 00:00:00,1346.77,176
822,2015-04-06 00:00:00,4287.21,683
823,2015-04-07 00:00:00,4126.0,676
824,2015-04-08 00:00:00,4434.86,696
825,2015-04-09 00:00:00,4672.15,739
826,2015-04-10 00:00:00,5398.1,798
827,2015-04-11 00:00:00,3478.81,476
828,2015-04-12 00:00:00,2632.54,343
829,2015-04-13 00:00:00,4399.82,683
830,2015-04-14 00:00:00,4845.5,774
831,2015-04-15 00:00:00,4714.55,739
832,2015-04-16 00:00:00,4907.93,759
833,2015-04-17 00:00:00,5200.49,814
834,2015-04-18 00:00:00,3397.6,490
835,2015-04-19 00:00:00,2568.68,311
836,2015-04-20 00:00:00,4798.46,785
837,2015-04-21 00:00:00,4464.07,698
838,2015-04-22 00:00:00,5267.44,794
839,2015-04-23 00:00:00,5199.72,776
840,2015-04-24 00:00:00,5823.55,825
841,2015-04-25 00:00:00,2983.68,389
842,2015-04-26 00:00:00,2120.98,285
843,2015-04-27 00:00:00,4457.56,722
844,2015-04-28 00:00:00,4765.44,736
845,2015-04-29 00:00:00,4874.08,784
846,2015-04-30 00:00:00,5437.35,838
847,2015-05-01 00:00:00,6008.33,849
848,2015-05-02 00:00:00,4340.3,543
849,2015-05-03 00:00:00,2565.46,340
850,2015-05-04 00:00:00,5087.17,793
851,2015-05-05 00:00:00,4743.43,778
852,2015-05-06 00:00:00,5327.19,833
853,2015-05-07 00:00:00,5503.36,827
854,2015-05-08 00:00:00,5950.29,871
855,2015-05-09 00:00:00,3060.94,416
856,2015-05-10 00:00:00,2022.55,289
857,2015-05-11 00:00:00,4560.59,746
858,2015-05-12 00:00:00,5271.2,808
859,2015-05-13 00:00:00,5119.25,803
860,2015-05-14 00:00:00,5506.02,815
861,2015-05-15 00:00:00,5768.81,831
862,2015-05-16 00:00:00,3285.56,434
863,2015-05-17 00:00:00,2312.28,317
864,2015-05-18 00:00:00,4698.94,769
865,2015-05-19 00:00:00,4948.22,753
866,2015-05-20 00:00:00,4915.93,782
867,2015-05-21 00:00:00,5225.82,831
868,2015-05-22 00:00:00,5846.1,805
869,2015-05-23 00:00:00,2859.92,404
870,2015-05-24 00:00:00,2357.79,302
871,2015-05-25 00:00:00,1996.22,292
872,2015-05-26 00:00:00,5082.79,781
873,2015-05-27 00:00:00,4815.27,755
874,2015-05-28 00:00:00,5282.93,806
875,2015-05-29 00:00:00,5966.04,892
876,2015-05-30 00:00:00,3054.22,409
877,2015-05-31 00:00:00,2202.8,314
878,2015-06-01 00:00:00,4557.82,725
879,2015-06-02 00:00:00,5090.56,787
880,2015-06-03 00:00:00,5018.63,758
881,2015-06-04 00:00:00,5610.9,859
882,2015-06-05 00:00:00,6202.08,911
883,2015-06-06 00:00:00,3233.96,448
884,2015-06-07 00:00:00,2518.5,354
885,2015-06-08 00:00:00,4294.96,679
886,2015-06-09 00:00:00,5285.21,813
887,2015-06-10 00:00:00,5534.0,806
888,2015-06-11 00:00:00,5607.18,837
889,2015-06-12 00:00:00,6122.37,870
890,2015-06-13 00:00:00,3540.54,490
891,2015-06-14 00:00:00,2367.03,319
892,2015-06-15 00:00:00,4950.77,782
893,2015-06-16 00:00:00,4945.85,776
894,2015-06-17 00:00:00,5151.33,765
895,2015-06-18 00:00:00,5564.64,819
896,2015-06-19 00:00:00,5814.05,860
897,2015-06-20 00:00:00,3375.35,474
898,2015-06-21 00:00:00,2262.09,311
899,2015-06-22 00:00:00,4947.7,771
900,2015-06-23 00:00:00,4824.43,768
901,2015-06-24 00:00:00,5387.73,816
902,2015-06-25 00:00:00,5269.64,815
903,2015-06-26 00:00:00,5241.99,755
904,2015-06-27 00:00:00,3209.63,463
905,2015-06-28 00:00:00,2495.1,345
906,2015-06-29 00:00:00,5003.73,793
907,2015-06-30 00:00:00,5288.16,831
908,2015-07-01 00:00:00,5369.72,821
909,2015-07-02 00:00:00,5549.32,806
910,2015-07-03 00:00:00,3379.97,454
911,2015-07-04 00:00:00,2255.0,279
912,2015-07-05 00:00:00,2085.28,265
913,2015-07-06 00:00:00,4766.15,720
914,2015-07-07 00:00:00,4533.93,715
915,2015-07-08 00:00:00,5236.69,784
916,2015-07-09 00:00:00,5545.97,834
917,2015-07-10 00:00:00,5727.62,853
918,2015-07-11 00:00:00,3200.66,418
919,2015-07-12 00:00:00,2415.96,328
920,2015-07-13 00:00:00,4589.81,677
921,2015-07-14 00:00:00,5197.78,815
922,2015-07-15 00:00:00,5748.2,831
923,2015-07-16 00:00:00,5355.04,820
924,2015-07-17 00:00:00,5638.53,840
925,2015-07-18 00:00:00,3023.46,436
926,2015-07-19 00:00:00,2296.78,313
927,2015-07-20 00:00:00,4792.95,770
928,2015-07-21 00:00:00,5216.94,782
929,2015-07-22 00:00:00,4945.07,775
930,2015-07-23 00:00:00,5153.61,786
931,2015-07-24 00:00:00,5596.79,823
932,2015-07-25 00:00:00,2977.39,407
933,2015-07-26 00:00:00,2397.63,317
934,2015-07-27 00:00:00,4867.14,770
935,2015-07-28 00:00:00,4888.79,777
936,2015-07-29 00:00:00,5199.08,787
937,2015-07-30 00:00:00,5141.89,818
938,2015-07-31 00:00:00,5769.67,855
939,2015-08-01 00:00:00,3723.29,466
940,2015-08-02 00:00:00,2692.99,362
941,2015-08-03 00:00:00,4861.65,753
942,2015-08-04 00:00:00,4831.63,801
943,2015-08-05 00:00:00,4987.81,770
944,2015-08-06 00:00:00,5314.13,808
945,2015-08-07 00:00:00,5567.17,846
946,2015-08-08 00:00:00,2542.37,367
947,2015-08-09 00:00:00,2375.06,308
948,2015-08-10 00:00:00,5126.39,762
949,2015-08-11 00:00:00,4627.94,750
950,2015-08-12 00:00:00,4604.15,746
951,2015-08-13 00:00:00,5132.87,828
952,2015-08-14 00:00:00,5950.42,865
953,2015-08-15 00:00:00,3329.71,451
954,2015-08-16 00:00:00,2570.15,331
955,2015-08-17 00:00:00,4541.8,738
956,2015-08-18 00:00:00,4891.86,783
957,2015-08-19 00:00:00,4724.94,753
958,2015-08-20 00:00:00,4846.2,753
959,2015-08-21 00:00:00,5487.41,820
960,2015-08-22 00:00:00,3015.07,417
961,2015-08-23 00:00:00,2197.09,286
962,2015-08-24 00:00:00,4510.21,719
963,2015-08-25 00:00:00,5059.14,791
964,2015-08-26 00:00:00,4957.76,755
965,2015-08-27 00:00:00,5116.53,790
966,2015-08-28 00:00:00,5349.17,800
967,2015-08-29 00:00:00,2850.09,401
968,2015-08-30 00:00:00,2134.3,307
969,2015-08-31 00:00:00,4428.91,723
970,2015-09-01 00:00:00,4268.16,703
971,2015-09-02 00:00:00,4615.37,748
972,2015-09-03 00:00:00,4868.26,775
973,2015-09-04 00:00:00,5318.18,806
974,2015-09-05 00:00:00,2590.65,348
975,2015-09-06 00:00:00,1738.4,263
976,2015-09-07 00:00:00,1767.23,269
977,2015-09-08 00:00:00,4257.29,683
978,2015-09-09 00:00:00,4535.1,723
979,2015-09-10 00:00:00,4575.64,756
980,2015-09-11 00:00:00,5653.58,834
981,2015-09-12 00:00:00,3318.72,468
982,2015-09-13 00:00:00,2023.75,295
983,2015-09-14 00:00:00,4813.65,771
984,2015-09-15 00:00:00,4602.28,753
985,2015-09-16 00:00:00,4872.07,812
986,2015-09-17 00:00:00,4803.38,753
987,2015-09-18 00:00:00,5099.58,784
988,2015-09-19 00:00:00,2900.17,404
989,2015-09-20 00:00:00,2158.85,312
990,2015-09-21 00:00:00,4461.53,732
991,2015-09-22 00:00:00,4040.95,663
992,2015-09-23 00:00:00,4588.43,723
993,2015-09-24 00:00:00,5030.2,781
994,2015-09-25 00:00:00,5265.4,789
995,2015-09-26 00:00:00,2873.27,405
996,2015-09-27 00:00:00,2363.15,319
997,2015-09-28 00:00:00,4490.2,727
998,2015-09-29 00:00:00,3948.76,624
999,2015-09-30 00:00:00,4705.81,751
1000,2015-10-01 00:00:00,5304.23,820
1001,2015-10-02 00:00:00,5373.65,847
1002,2015-10-03 00:00:00,2870.2,405
1003,2015-10-04 00:00:00,2316.64,304
1004,2015-10-05 00:00:00,4477.2,704
1005,2015-10-06 00:00:00,4596.34,733
1006,2015-10-07 00:00:00,4887.79,770
1007,2015-10-08 00:00:00,5153.44,823
1008,2015-10-09 00:00:00,5436.26,809
1009,2015-10-10 00:00:00,3149.12,447
1010,2015-10-11 00:00:00,2147.73,289
1011,2015-10-12 00:00:00,4612.97,742
1012,2015-10-13 00:00:00,4718.89,777
1013,2015-10-14 00:00:00,4483.44,738
1014,2015-10-15 00:00:00,5407.8,815
1015,2015-10-16 00:00:00,5409.02,837
1016,2015-10-17 00:00:00,2936.36,403
1017,2015-10-18 00:00:00,2171.11,305
1018,2015-10-19 00:00:00,4633.07,771
1019,2015-10-20 00:00:00,5047.83,810
1020,2015-10-21 00:00:00,4890.31,794
1021,2015-10-22 00:00:00,4967.14,815
1022,2015-10-23 00:00:00,5883.35,887
1023,2015-10-24 00:00:00,2735.17,396
1024,2015-10-25 00:00:00,2393.15,292
1025,2015-10-26 00:00:00,4569.72,770
1026,2015-10-27 00:00:00,4579.41,781
1027,2015-10-28 00:00:00,5108.63,825
1028,2015-10-29 00:00:00,5161.48,846
1029,2015-10-30 00:00:00,5267.33,787
1030,2015-10-31 00:00:00,2896.73,402
1031,2015-11-01 00:00:00,2148.58,297
1032,2015-11-02 00:00:00,4737.73,813
1033,2015-11-03 00:00:00,4899.17,786
1034,2015-11-04 00:00:00,4828.48,803
1035,2015-11-05 00:00:00,5130.59,799
1036,2015-11-06 00:00:00,5481.07,837
1037,2015-11-07 00:00:00,3217.5,442
1038,2015-11-08 00:00:00,2256.97,296
1039,2015-11-09 00:00:00,4742.85,790
1040,2015-11-10 00:00:00,4867.36,808
1041,2015-11-11 00:00:00,4643.67,783
1042,2015-11-12 00:00:00,4817.75,790
1043,2015-11-13 00:00:00,5264.34,834
1044,2015-11-14 00:00:00,3203.37,459
1045,2015-11-15 00:00:00,2017.14,294
1046,2015-11-16 00:00:00,4624.33,802
1047,2015-11-17 00:00:00,4716.24,794
1048,2015-11-18 00:00:00,4777.67,802
1049,2015-11-19 00:00:00,4948.57,796
1050,2015-11-20 00:00:00,5330.39,823
1051,2015-11-21 00:00:00,2472.27,349
1052,2015-11-22 00:00:00,2606.52,338
1053,2015-11-23 00:00:00,5249.97,829
1054,2015-11-24 00:00:00,5596.97,826
1055,2015-11-25 00:00:00,5694.85,837
1056,2015-11-27 00:00:00,3086.15,434
1057,2015-11-28 00:00:00,2749.52,378
1058,2015-11-29 00:00:00,2320.22,318
1059,2015-11-30 00:00:00,5219.76,832
1060,2015-12-01 00:00:00,5072.22,824
1061,2015-12-02 00:00:00,5283.03,828
1062,2015-12-03 00:00:00,5766.34,892
1063,2015-12-04 00:00:00,6014.99,885
1064,2015-12-05 00:00:00,3461.0,491
1065,2015-12-06 00:00:00,2723.86,377
1066,2015-12-07 00:00:00,5038.82,801
1067,2015-12-08 00:00:00,4651.6,783
1068,2015-12-09 00:00:00,5285.67,846
1069,2015-12-10 00:00:00,5215.97,807
1070,2015-12-11 00:00:00,5332.26,838
1071,2015-12-12 00:00:00,3204.48,477
1072,2015-12-13 00:00:00,2768.72,365
1073,2015-12-14 00:00:00,4753.55,770
1074,2015-12-15 00:00:00,5332.13,838
1075,2015-12-16 00:00:00,4989.77,807
1076,2015-12-17 00:00:00,5674.1,879
1077,2015-12-18 00:00:00,5720.34,869
1078,2015-12-19 00:00:00,4010.5,525
1079,2015-12-20 00:00:00,3260.88,430
1080,2015-12-21 00:00:00,5776.81,848
1081,2015-12-22 00:00:00,5487.55,796
1082,2015-12-23 00:00:00,5349.69,764
1083,2015-12-24 00:00:00,3226.44,433
1084,2015-12-26 00:00:00,2710.07,355
1085,2015-12-27 00:00:00,1389.16,175
1086,2015-12-28 00:00:00,4315.23,684
1087,2015-12-29 00:00:00,4606.43,718
1088,2015-12-30 00:00:00,4806.47,713
1089,2015-12-31 00:00:00,4025.68,559
1090,2016-01-01 00:00:00,1771.01,232
1091,2016-01-02 00:00:00,2752.3,392
1092,2016-01-03 00:00:00,2079.63,279
1093,2016-01-04 00:00:00,4755.08,723
1094,2016-01-05 00:00:00,4287.44,682
1095,2016-01-06 00:00:00,4491.64,685
1096,2016-01-07 00:00:00,4806.18,760
1097,2016-01-08 00:00:00,4993.77,777
1098,2016-01-09 00:00:00,2905.11,399
1099,2016-01-10 00:00:00,1682.67,212
1100,2016-01-11 00:00:00,3848.55,608
1101,2016-01-12 00:00:00,3831.97,580
1102,2016-01-13 00:00:00,4256.46,669
1103,2016-01-14 00:00:00,4616.99,714
1104,2016-01-15 00:00:00,5067.53,759
1105,2016-01-16 00:00:00,2366.04,335
1106,2016-01-17 00:00:00,1697.01,223
1107,2016-01-18 00:00:00,4232.0,599
1108,2016-01-19 00:00:00,3933.09,651
1109,2016-01-20 00:00:00,4262.81,640
1110,2016-01-21 00:00:00,4350.64,684
1111,2016-01-22 00:00:00,4803.77,713
1112,2016-01-23 00:00:00,2630.99,379
1113,2016-01-24 00:00:00,1682.19,239
1114,2016-01-25 00:00:00,4040.91,668
1115,2016-01-26 00:00:00,4069.59,655
1116,2016-01-27 00:00:00,4500.52,678
1117,2016-01-28 00:00:00,4577.64,710
1118,2016-01-29 00:00:00,4871.46,728
1119,2016-01-30 00:00:00,2699.25,393
1120,2016-01-31 00:00:00,1855.61,243
1121,2016-02-01 00:00:00,4149.08,669
1122,2016-02-02 00:00:00,4425.69,718
1123,2016-02-03 00:00:00,4369.41,678
1124,2016-02-04 00:00:00,4421.73,685
1125,2016-02-05 00:00:00,4504.38,679
1126,2016-02-06 00:00:00,2791.52,388
1127,2016-02-07 00:00:00,1911.41,256
1128,2016-02-08 00:00:00,4139.75,681
1129,2016-02-09 00:00:00,3908.88,637
1130,2016-02-10 00:00:00,4401.59,674
1131,2016-02-11 00:00:00,4493.91,699
1132,2016-02-12 00:00:00,4657.67,700
1133,2016-02-13 00:00:00,3104.61,428
1134,2016-02-14 00:00:00,2079.41,255
1135,2016-02-15 00:00:00,4087.81,597
1136,2016-02-16 00:00:00,4395.31,686
1137,2016-02-17 00:00:00,4671.98,732
1138,2016-02-18 00:00:00,4599.86,735
1139,2016-02-19 00:00:00,5195.19,783
1140,2016-02-20 00:00:00,3049.12,416
1141,2016-02-21 00:00:00,2298.8,286
1142,2016-02-22 00:00:00,4447.91,709
1143,2016-02-23 00:00:00,4342.5,704
1144,2016-02-24 00:00:00,3919.94,602
1145,2016-02-25 00:00:00,4599.17,686
1146,2016-02-26 00:00:00,4925.73,746
1147,2016-02-27 00:00:00,2982.94,403
1148,2016-02-28 00:00:00,2058.44,281
1149,2016-02-29 00:00:00,4313.96,691
1150,2016-03-01 00:00:00,4248.24,666
1151,2016-03-02 00:00:00,4354.26,678
1152,2016-03-03 00:00:00,4447.47,694
1153,2016-03-04 00:00:00,4914.17,758
1154,2016-03-05 00:00:00,3184.25,419
1155,2016-03-06 00:00:00,2256.71,300
1156,2016-03-07 00:00:00,4309.63,720
1157,2016-03-08 00:00:00,4391.92,693
1158,2016-03-09 00:00:00,4171.27,652
1159,2016-03-10 00:00:00,4965.02,770
1160,2016-03-11 00:00:00,5051.3,773
1161,2016-03-12 00:00:00,3305.03,418
1162,2016-03-13 00:00:00,2190.81,292
1163,2016-03-14 00:00:00,4661.55,713
1164,2016-03-15 00:00:00,4382.36,730
1165,2016-03-16 00:00:00,4736.26,744
1166,2016-03-17 00:00:00,4563.8,730
1167,2016-03-18 00:00:00,5422.5,777
1168,2016-03-19 00:00:00,2944.19,410
1169,2016-03-20 00:00:00,2112.8,297
1170,2016-03-21 00:00:00,4444.96,704
1171,2016-03-22 00:00:00,4784.19,739
1172,2016-03-23 00:00:00,4559.61,730
1173,2016-03-24 00:00:00,4957.78,726
1174,2016-03-25 00:00:00,5300.88,755
1175,2016-03-26 00:00:00,2895.58,392
1176,2016-03-27 00:00:00,1181.37,164
1177,2016-03-28 00:00:00,4354.76,681
1178,2016-03-29 00:00:00,4816.37,767
1179,2016-03-30 00:00:00,5020.15,754
1180,2016-03-31 00:00:00,5174.84,762
1181,2016-04-01 00:00:00,5525.4,793
1182,2016-04-02 00:00:00,2870.49,386
1183,2016-04-03 00:00:00,2192.27,277
1184,2016-04-04 00:00:00,4423.99,695
1185,2016-04-05 00:00:00,5022.91,795
1186,2016-04-06 00:00:00,4336.2,687
1187,2016-04-07 00:00:00,4693.54,715
1188,2016-04-08 00:00:00,5132.82,763
1189,2016-04-09 00:00:00,3180.32,445
1190,2016-04-10 00:00:00,2511.51,315
1191,2016-04-11 00:00:00,4374.51,696
1192,2016-04-12 00:00:00,4807.35,792
1193,2016-04-13 00:00:00,4904.39,796
1194,2016-04-14 00:00:00,5107.72,814
1195,2016-04-15 00:00:00,5668.31,810
1196,2016-04-16 00:00:00,3252.72,420
1197,2016-04-17 00:00:00,2767.81,374
1198,2016-04-18 00:00:00,4687.62,767
1199,2016-04-19 00:00:00,4842.3,766
1200,2016-04-20 00:00:00,4780.65,765
1201,2016-04-21 00:00:00,5156.0,787
1202,2016-04-22 00:00:00,5536.32,839
1203,2016-04-23 00:00:00,3362.8,460
1204,2016-04-24 00:00:00,2559.1,343
1205,2016-04-25 00:00:00,4217.74,650
1206,2016-04-26 00:00:00,4775.73,776
1207,2016-04-27 00:00:00,4627.62,770
1208,2016-04-28 00:00:00,4844.59,747
1209,2016-04-29 00:00:00,5372.19,831
1210,2016-04-30 00:00:00,3069.56,405
1211,2016-05-01 00:00:00,2213.11,290
1212,2016-05-02 00:00:00,4607.13,728
1213,2016-05-03 00:00:00,4537.62,723
1214,2016-05-04 00:00:00,4637.31,726
1215,2016-05-05 00:00:00,5104.15,787
1216,2016-05-06 00:00:00,5700.41,851
1217,2016-05-07 00:00:00,3682.9,477
1218,2016-05-08 00:00:00,1936.35,267
1219,2016-05-09 00:00:00,4440.14,704
1220,2016-05-10 00:00:00,4557.51,711
1221,2016-05-11 00:00:00,4855.44,767
1222,2016-05-12 00:00:00,5139.66,785
1223,2016-05-13 00:00:00,5631.62,808
1224,2016-05-14 00:00:00,3445.92,436
1225,2016-05-15 00:00:00,2362.08,330
1226,2016-05-16 00:00:00,4631.67,744
1227,2016-05-17 00:00:00,4697.3,722
1228,2016-05-18 00:00:00,4899.32,758
1229,2016-05-19 00:00:00,5081.75,805
1230,2016-05-20 00:00:00,5156.19,751
1231,2016-05-21 00:00:00,3022.3,401
1232,2016-05-22 00:00:00,2610.77,353
1233,2016-05-23 00:00:00,4416.08,736
1234,2016-05-24 00:00:00,4840.83,762
1235,2016-05-25 00:00:00,4720.39,731
1236,2016-05-26 00:00:00,4761.38,724
1237,2016-05-27 00:00:00,4991.7,692
1238,2016-05-28 00:00:00,2845.51,377
1239,2016-05-29 00:00:00,2275.84,287
1240,2016-05-30 00:00:00,2051.95,284
1241,2016-05-31 00:00:00,4581.64,730
1242,2016-06-01 00:00:00,5063.89,783
1243,2016-06-02 00:00:00,5221.18,797
1244,2016-06-03 00:00:00,5692.53,846
1245,2016-06-04 00:00:00,2690.8,372
1246,2016-06-05 00:00:00,2631.08,349
1247,2016-06-06 00:00:00,4707.72,755
1248,2016-06-07 00:00:00,4656.82,725
1249,2016-06-08 00:00:00,5174.73,799
1250,2016-06-09 00:00:00,4915.86,755
1251,2016-06-10 00:00:00,5243.03,759
1252,2016-06-11 00:00:00,2978.84,422
1253,2016-06-12 00:00:00,2419.3,338
1254,2016-06-13 00:00:00,4785.68,740
1255,2016-06-14 00:00:00,4421.52,693
1256,2016-06-15 00:00:00,5183.95,724
1257,2016-06-16 00:00:00,5287.26,798
1258,2016-06-17 00:00:00,5431.63,820
1259,2016-06-18 00:00:00,3193.02,441
1260,2016-06-19 00:00:00,1742.81,248
1261,2016-06-20 00:00:00,4868.77,732
1262,2016-06-21 00:00:00,4906.38,737
1263,2016-06-22 00:00:00,4970.83,755
1264,2016-06-23 00:00:00,5079.15,800
1265,2016-06-24 00:00:00,5255.92,792
1266,2016-06-25 00:00:00,3030.88,424
1267,2016-06-26 00:00:00,2686.76,337
1268,2016-06-27 00:00:00,4361.95,721
1269,2016-06-28 00:00:00,4993.81,742
1270,2016-06-29 00:00:00,4669.77,750
1271,2016-06-30 00:00:00,5379.65,820
1272,2016-07-01 00:00:00,5210.56,778
1273,2016-07-02 00:00:00,2750.86,396
1274,2016-07-03 00:00:00,2295.13,287
1275,2016-07-04 00:00:00,1484.98,220
1276,2016-07-05 00:00:00,4252.75,675
1277,2016-07-06 00:00:00,4482.48,707
1278,2016-07-07 00:00:00,5101.81,761
1279,2016-07-08 00:00:00,5748.75,799
1280,2016-07-09 00:00:00,3165.94,447
1281,2016-07-10 00:00:00,2379.45,308
1282,2016-07-11 00:00:00,4704.83,728
1283,2016-07-12 00:00:00,5166.32,773
1284,2016-07-13 00:00:00,5086.09,729
1285,2016-07-14 00:00:00,5380.82,783
1286,2016-07-15 00:00:00,5540.5,802
1287,2016-07-16 00:00:00,2991.92,388
1288,2016-07-17 00:00:00,2304.81,311
1289,2016-07-18 00:00:00,4764.53,725
1290,2016-07-19 00:00:00,4936.76,753
1291,2016-07-20 00:00:00,4859.32,756
1292,2016-07-21 00:00:00,5241.48,818
1293,2016-07-22 00:00:00,5648.1,792
1294,2016-07-23 00:00:00,3199.49,428
1295,2016-07-24 00:00:00,2554.65,351
1296,2016-07-25 00:00:00,4456.16,665
1297,2016-07-26 00:00:00,5060.6,796
1298,2016-07-27 00:00:00,4938.77,753
1299,2016-07-28 00:00:00,5385.64,811
1300,2016-07-29 00:00:00,5410.94,806
1301,2016-07-30 00:00:00,3148.22,459
1302,2016-07-31 00:00:00,2651.68,334
1303,2016-08-01 00:00:00,4586.41,702
1304,2016-08-02 00:00:00,5159.22,795
1305,2016-08-03 00:00:00,5154.56,808
1306,2016-08-04 00:00:00,5164.66,794
1307,2016-08-05 00:00:00,5396.25,818
1308,2016-08-06 00:00:00,3193.35,412
1309,2016-08-07 00:00:00,2211.67,302
1310,2016-08-08 00:00:00,5145.88,781
1311,2016-08-09 00:00:00,4580.63,732
1312,2016-08-10 00:00:00,4810.67,714
1313,2016-08-11 00:00:00,5071.98,785
1314,2016-08-12 00:00:00,5099.23,767
1315,2016-08-13 00:00:00,3005.57,385
1316,2016-08-14 00:00:00,2263.44,299
1317,2016-08-15 00:00:00,4500.02,694
1318,2016-08-16 00:00:00,4311.88,709
1319,2016-08-17 00:00:00,4513.6,731
1320,2016-08-18 00:00:00,4627.4,738
1321,2016-08-19 00:00:00,4195.53,648
1322,2016-08-20 00:00:00,2967.39,393
1323,2016-08-21 00:00:00,2308.86,302
1324,2016-08-22 00:00:00,4497.0,759
1325,2016-08-23 00:00:00,4765.33,741
1326,2016-08-24 00:00:00,4255.98,661
1327,2016-08-25 00:00:00,4970.73,783
1328,2016-08-26 00:00:00,5514.45,831
1329,2016-08-27 00:00:00,2813.61,412
1330,2016-08-28 00:00:00,2027.08,304
1331,2016-08-29 00:00:00,4665.65,763
1332,2016-08-30 00:00:00,4679.8,751
1333,2016-08-31 00:00:00,4912.63,766
1334,2016-09-01 00:00:00,5186.39,778
1335,2016-09-02 00:00:00,5119.24,760
1336,2016-09-03 00:00:00,2724.62,383
1337,2016-09-04 00:00:00,2141.96,288
1338,2016-09-05 00:00:00,2013.7,305
1339,2016-09-06 00:00:00,4526.85,726
1340,2016-09-07 00:00:00,4577.31,775
1341,2016-09-08 00:00:00,4506.11,707
1342,2016-09-09 00:00:00,5394.25,834
1343,2016-09-10 00:00:00,3159.56,435
1344,2016-09-11 00:00:00,2159.98,343
1345,2016-09-12 00:00:00,4825.57,746
1346,2016-09-13 00:00:00,4352.18,710
1347,2016-09-14 00:00:00,4414.2,713
1348,2016-09-15 00:00:00,4641.89,698
1349,2016-09-16 00:00:00,4847.89,712
1350,2016-09-17 00:00:00,2649.02,376
1351,2016-09-18 00:00:00,2179.47,310
1352,2016-09-19 00:00:00,4040.74,659
1353,2016-09-20 00:00:00,4141.77,677
1354,2016-09-21 00:00:00,4568.49,714
1355,2016-09-22 00:00:00,4824.94,721
1356,2016-09-23 00:00:00,5312.83,811
1357,2016-09-24 00:00:00,2619.18,361
1358,2016-09-25 00:00:00,2457.7,323
1359,2016-09-26 00:00:00,4221.86,683
1360,2016-09-27 00:00:00,4615.59,732
1361,2016-09-28 00:00:00,4468.68,674
1362,2016-09-29 00:00:00,5232.01,775
1363,2016-09-30 00:00:00,4449.33,666
1364,2016-10-01 00:00:00,3216.84,441
1365,2016-10-02 00:00:00,2352.16,307
1366,2016-10-03 00:00:00,4511.41,726
1367,2016-10-04 00:00:00,4633.17,724
1368,2016-10-05 00:00:00,5185.51,817
1369,2016-10-06 00:00:00,4813.36,752
1370,2016-10-07 00:00:00,5410.44,765
1371,2016-10-08 00:00:00,3614.49,461
1372,2016-10-09 00:00:00,2291.63,294
1373,2016-10-10 00:00:00,4702.39,741
1374,2016-10-11 00:00:00,4607.58,762
1375,2016-10-12 00:00:00,4759.09,743
1376,2016-10-13 00:00:00,4774.3,719
1377,2016-10-14 00:00:00,5386.95,775
1378,2016-10-15 00:00:00,2591.68,350
1379,2016-10-16 00:00:00,1964.08,249
1380,2016-10-17 00:00:00,4788.19,720
1381,2016-10-18 00:00:00,4113.57,640
1382,2016-10-19 00:00:00,5050.98,783
1383,2016-10-20 00:00:00,5299.13,784
1384,2016-10-21 00:00:00,5699.15,803
1385,2016-10-22 00:00:00,3437.98,450
1386,2016-10-23 00:00:00,2210.42,289
1387,2016-10-24 00:00:00,4660.29,750
1388,2016-10-25 00:00:00,4940.29,786
1389,2016-10-26 00:00:00,4991.89,742
1390,2016-10-27 00:00:00,4978.87,737
1391,2016-10-28 00:00:00,5152.97,746
1392,2016-10-29 00:00:00,3108.0,424
1393,2016-10-30 00:00:00,2560.65,307
1394,2016-10-31 00:00:00,4596.79,682
1395,2016-11-01 00:00:00,4447.17,675
1396,2016-11-02 00:00:00,5282.52,790
1397,2016-11-03 00:00:00,4864.98,746
1398,2016-11-04 00:00:00,5124.71,737
1399,2016-11-05 00:00:00,3297.0,405
1400,2016-11-06 00:00:00,2296.03,296
1401,2016-11-07 00:00:00,4671.1,735
1402,2016-11-08 00:00:00,4521.71,708
1403,2016-11-09 00:00:00,4852.5,737
1404,2016-11-10 00:00:00,5080.29,776
1405,2016-11-11 00:00:00,5190.3,745
1406,2016-11-12 00:00:00,3092.24,403
1407,2016-11-13 00:00:00,2063.81,262
1408,2016-11-14 00:00:00,4462.29,656
1409,2016-11-15 00:00:00,4566.34,713
1410,2016-11-16 00:00:00,4749.09,741
1411,2016-11-17 00:00:00,5028.42,778
1412,2016-11-18 00:00:00,5190.1,785
1413,2016-11-19 00:00:00,3048.24,423
1414,2016-11-20 00:00:00,2342.2,296
1415,2016-11-21 00:00:00,5019.07,754
1416,2016-11-22 00:00:00,4690.53,730
1417,2016-11-23 00:00:00,5463.71,725
1418,2016-11-25 00:00:00,2923.34,424
1419,2016-11-26 00:00:00,2519.88,326
1420,2016-11-27 00:00:00,2261.07,292
1421,2016-11-28 00:00:00,4371.73,684
1422,2016-11-29 00:00:00,4909.45,707
1423,2016-11-30 00:00:00,5207.23,778
1424,2016-12-01 00:00:00,4881.16,741
1425,2016-12-02 00:00:00,5752.01,832
1426,2016-12-03 00:00:00,3298.76,419
1427,2016-12-04 00:00:00,2617.69,330
1428,2016-12-05 00:00:00,4301.62,672
1429,2016-12-06 00:00:00,4588.86,672
1430,2016-12-07 00:00:00,4999.36,754
1431,2016-12-08 00:00:00,4840.28,729
1432,2016-12-09 00:00:00,5467.72,780
1433,2016-12-10 00:00:00,3117.88,409
1434,2016-12-11 00:00:00,2525.57,306
1435,2016-12-12 00:00:00,4324.32,696
1436,2016-12-13 00:00:00,4327.57,641
1437,2016-12-14 00:00:00,4670.39,693
1438,2016-12-15 00:00:00,4797.82,693
1439,2016-12-16 00:00:00,4983.25,730
1440,2016-12-17 00:00:00,2550.32,317
1441,2016-12-18 00:00:00,2207.17,283
1442,2016-12-19 00:00:00,4477.59,671
1443,2016-12-20 00:00:00,4938.46,741
1444,2016-12-21 00:00:00,5029.63,754
1445,2016-12-22 00:00:00,5341.73,765
1446,2016-12-23 00:00:00,4718.72,630
1447,2016-12-24 00:00:00,1907.58,238
1448,2016-12-25 00:00:00,0.0,0
1449,2016-12-26 00:00:00,2565.64,338
1450,2016-12-27 00:00:00,4781.95,684
1451,2016-12-28 00:00:00,4577.04,645
1452,2016-12-29 00:00:00,4848.98,655
1453,2016-12-30 00:00:00,4666.99,641
1454,2016-12-31 00:00:00,2576.1,313
1455,2017-01-01 00:00:00,2027.95,235
1456,2017-01-02 00:00:00,2726.33,366
1457,2017-01-03 00:00:00,4243.0,647
1458,2017-01-04 00:00:00,4643.53,688
1459,2017-01-05 00:00:00,4217.33,608
1460,2017-01-06 00:00:00,5002.19,700
1461,2017-01-07 00:00:00,2724.4,353
1462,2017-01-08 00:00:00,1952.37,260
1463,2017-01-09 00:00:00,3828.77,600
1464,2017-01-10 00:00:00,4395.47,657
1465,2017-01-11 00:00:00,4408.24,671
1466,2017-01-12 00:00:00,4667.41,693
1467,2017-01-13 00:00:00,4777.61,683
1468,2017-01-14 00:00:00,2619.47,347
1469,2017-01-15 00:00:00,1929.52,268
1470,2017-01-16 00:00:00,4163.24,635
1471,2017-01-17 00:00:00,4182.28,658
1472,2017-01-18 00:00:00,4048.13,611
1473,2017-01-19 00:00:00,4588.38,689
1474,2017-01-20 00:00:00,5091.83,733
1475,2017-01-21 00:00:00,2911.96,416
1476,2017-01-22 00:00:00,2080.45,281
