aX,aY,aZ,gX,gY,gZ
-0.218,-0.370,2.201,126.343,-1.404,-58.044
-0.076,-0.057,2.112,60.791,41.748,-63.293
-0.196,0.003,1.959,-2.563,78.125,-99.182
-0.112,-0.212,1.565,-70.496,100.708,-151.917
0.696,-0.683,0.453,-98.999,89.478,-175.293
0.884,-0.715,0.795,-6.958,20.325,-124.512
0.278,-0.373,1.635,111.084,-48.157,-57.617
0.228,-0.334,1.596,169.861,-44.617,-27.405
0.491,-0.369,1.303,189.392,-18.677,-22.888
0.342,-0.357,1.404,184.998,-46.753,-26.367
0.197,-0.332,1.433,182.861,-69.458,-28.687
0.167,-0.425,1.278,192.505,-64.453,-34.302
0.176,-0.519,1.049,197.571,-54.260,-43.274
0.139,-0.511,0.892,190.674,-53.284,-53.345
0.058,-0.334,0.805,180.481,-56.335,-60.974
-0.022,-0.205,0.713,171.387,-57.007,-58.777
-0.044,-0.167,0.645,159.973,-52.612,-51.575
-0.056,-0.047,0.707,150.024,-43.396,-45.654
-0.077,-0.123,0.730,143.921,-31.067,-36.438
0.002,-0.234,0.744,138.000,-19.409,-28.076
0.064,-0.333,0.818,125.122,-22.888,-18.372
0.083,-0.375,0.889,107.422,-32.593,-14.587
0.046,-0.335,0.972,97.534,-34.607,-22.644
-0.024,-0.463,0.937,96.741,-43.823,-26.794
-0.071,-0.542,0.888,98.999,-51.758,-30.029
-0.071,-0.499,0.859,106.262,-49.072,-38.574
-0.070,-0.563,0.710,121.887,-48.096,-47.913
-0.171,-0.485,0.539,137.329,-49.622,-59.387
-0.313,-0.318,0.417,142.822,-52.124,-60.364
-0.361,-0.473,0.263,137.878,-48.523,-51.331
-0.393,-0.545,0.255,126.221,-36.804,-47.546
-0.384,-0.518,0.336,114.868,-21.423,-46.814
-0.397,-0.499,0.314,120.178,-2.136,-44.983
-0.430,-0.475,0.345,132.874,15.442,-42.114
-0.422,-0.525,0.358,139.893,23.254,-33.569
-0.413,-0.546,0.370,141.541,32.104,-22.095
-0.559,-0.542,0.422,147.339,33.936,-12.695
-0.561,-0.684,0.342,158.936,29.114,-11.536
-0.420,-0.738,0.187,155.884,20.386,-28.625
-0.390,-0.658,0.224,144.409,0.488,-46.509
-0.490,-0.592,0.164,137.329,-16.663,-52.490
-0.520,-0.644,0.027,134.277,-23.376,-57.495
-0.617,-0.657,-0.200,135.071,-25.085,-59.692
-0.688,-0.587,-0.291,131.592,-27.283,-54.260
-0.737,-0.586,-0.485,132.996,-23.743,-45.776
-0.833,-0.536,-0.716,137.146,-20.813,-33.142
-1.102,-0.510,-0.573,150.818,-27.344,-13.000
-1.103,-0.666,-1.043,199.646,-35.522,36.560
-1.015,-0.486,-1.350,191.956,-22.156,87.463
-1.078,-0.504,-1.312,133.972,-27.466,115.479
-0.959,-0.485,-1.352,91.919,-39.978,137.146
-0.697,-0.303,-1.385,40.771,-45.654,131.592
-0.709,-0.475,-1.260,7.996,-50.598,98.206
-0.749,-0.461,-1.149,-9.583,-40.527,67.871
-0.671,-0.567,-0.951,-23.315,-18.738,44.983
-0.525,-0.716,-0.790,-36.987,4.089,31.372
-0.413,-0.784,-0.623,-54.016,19.104,28.625
-0.343,-0.736,-0.430,-73.181,27.588,26.062
-0.317,-0.754,-0.211,-78.491,32.471,23.071
-0.290,-0.783,-0.182,-71.594,36.621,23.743
-0.303,-0.826,-0.168,-64.819,27.222,27.893
-0.317,-0.898,-0.166,-58.228,9.949,32.532
-0.345,-0.912,-0.248,-55.054,-6.348,36.743
-0.421,-0.825,-0.299,-58.167,-24.780,34.180
-0.538,-0.757,-0.357,-68.726,-39.856,28.992
-0.589,-0.737,-0.413,-87.891,-53.162,23.437
-0.675,-0.755,-0.375,-106.750,-64.941,19.409
-0.664,-0.747,-0.424,-118.408,-65.002,19.226
-0.582,-0.716,-0.464,-129.272,-60.303,19.470
-0.501,-0.761,-0.457,-145.569,-55.908,15.625
-0.401,-0.760,-0.453,-160.522,-53.955,10.132
-0.299,-0.726,-0.409,-173.950,-55.115,1.221
-0.274,-0.718,-0.204,-183.411,-60.791,-11.658
-0.354,-0.753,-0.033,-178.101,-55.176,-19.409
-0.312,-0.417,-0.005,-164.978,-38.147,-10.559
-0.324,-0.127,0.052,-158.752,-31.372,3.235
-0.505,-0.218,0.021,-167.664,-35.706,7.385
-0.646,-0.201,-0.027,-176.331,-47.974,22.644
-0.626,-0.136,0.027,-192.322,-73.486,43.640
-0.666,-0.069,0.350,-213.745,-95.642,58.228
-0.582,-0.144,0.767,-216.980,-78.857,55.420
-0.221,-0.305,0.461,-215.393,-20.691,36.621
-0.057,-0.285,0.347,-217.834,-0.671,19.104
-0.030,-0.235,0.551,-221.191,-9.094,-7.141
-0.223,-0.250,0.834,-215.515,-8.972,-40.100
-0.573,-0.280,1.101,-203.369,9.033,-43.762
-0.341,-0.007,0.976,-197.998,60.730,-11.414
-0.093,0.261,0.996,-193.909,99.365,18.799
-0.377,0.262,0.946,-199.707,112.854,36.743
-0.382,0.136,1.195,-218.018,84.106,54.993
-0.118,0.186,1.361,-230.774,42.236,76.782
0.140,0.229,1.643,-252.625,13.733,95.459
0.269,0.107,1.902,-263.550,-9.766,94.543
0.314,-0.064,2.119,-245.117,-19.531,77.576
0.281,-0.117,2.162,-188.110,-14.465,53.040
0.229,-0.262,2.047,-119.385,3.052,29.114
0.276,-0.274,1.810,-61.401,12.817,10.010
0.271,-0.203,1.495,-23.376,9.521,-3.113
0.199,-0.164,1.370,-7.996,-7.446,-10.010
0.069,0.062,1.189,-6.897,-14.465,-10.620
-0.038,0.195,0.865,-31.189,2.258,0.549
0.026,0.272,1.018,-73.792,20.081,25.513
0.140,0.110,1.227,-107.422,52.734,41.992
0.237,-0.073,1.312,-123.474,89.172,39.734
0.321,-0.357,1.611,-132.446,88.745,40.039
0.388,-0.302,2.123,-120.178,52.490,44.006
0.346,-0.398,1.983,-87.219,41.992,36.072
0.278,-0.262,1.947,-65.491,10.437,25.635
0.119,-0.318,1.867,-32.227,-16.235,13.306
0.157,-0.320,1.674,7.751,-4.456,2.930
0.128,-0.328,1.392,29.419,-1.099,-6.042
0.085,-0.348,1.269,36.865,-1.221,-11.475
-0.002,-0.303,1.116,40.649,1.892,-13.306
-0.054,-0.253,0.983,38.391,10.742,-17.761
-0.180,-0.226,0.821,25.940,19.958,-18.860
-0.274,-0.290,0.619,14.587,17.151,-15.381
-0.305,-0.389,0.771,2.747,0.305,-9.888
-0.292,-0.380,0.820,-10.681,-1.709,-5.737
-0.286,-0.390,0.890,-16.663,4.456,-5.371

0.390,-0.255,1.980,-162.659,-17.944,67.810
0.294,-0.305,1.964,-138.123,-34.302,46.265
0.359,-0.337,1.776,-98.511,-23.743,31.128
0.357,-0.456,1.480,-62.744,-4.517,22.461
0.809,-0.268,1.306,-39.673,10.010,18.311
0.397,-0.271,0.743,-42.053,26.001,-3.052
0.221,-0.075,1.475,-63.660,-48.645,-15.320
-0.180,-0.137,1.514,-93.506,-52.063,21.301
-0.113,-0.479,1.632,-117.310,-30.090,41.260
-0.036,-1.127,1.758,-111.877,-11.414,41.382
-0.378,-2.114,4.000,-139.282,-11.292,41.260
0.254,-1.045,3.779,-135.559,-36.255,18.433
-0.630,-0.818,1.504,2.258,-64.636,-54.565
0.460,0.782,1.739,59.448,-89.417,-28.259
-1.189,-0.184,0.754,176.636,-92.285,7.202
-0.404,-0.874,0.660,155.273,-17.151,9.583
0.120,-0.493,0.945,72.998,19.653,36.987
0.181,-0.296,0.707,88.989,-14.709,26.794
0.034,-0.241,0.543,96.741,-58.777,4.944
-0.100,-0.118,0.469,85.938,-79.285,-5.493
-0.143,-0.197,0.285,70.923,-64.392,-11.536
-0.168,-0.304,0.111,55.603,-49.988,-18.433
-0.234,-0.303,0.192,40.527,-51.758,-20.325
-0.253,-0.256,0.436,29.358,-37.842,-20.508
-0.330,-0.340,0.353,28.931,-4.395,-23.376
-0.374,-0.367,0.427,20.142,8.911,-20.630
-0.394,-0.378,0.534,8.118,15.381,-14.893
-0.388,-0.368,0.623,-3.662,16.174,-7.568
-0.391,-0.349,0.728,-13.489,12.146,-2.563
-0.409,-0.348,0.819,-19.470,3.662,-0.916
-0.408,-0.367,0.912,-21.301,-3.540,3.235
-0.367,-0.446,0.934,-17.700,-6.104,9.155
-0.321,-0.515,0.960,-13.794,-4.028,11.780
-0.294,-0.542,0.990,-13.489,-1.404,12.512
-0.284,-0.542,1.030,-14.282,0.610,13.550
-0.271,-0.525,1.054,-11.719,3.052,14.587
-0.253,-0.525,1.056,-7.324,5.005,14.404
-0.235,-0.523,1.050,-5.005,4.578,14.099
-0.222,-0.515,1.041,-2.319,1.404,12.878
-0.216,-0.492,1.016,0.244,-1.953,9.949
-0.240,-0.496,0.997,1.648,-5.615,6.775
-0.180,-0.527,0.967,2.075,-9.399,3.967
-0.149,-0.491,0.896,1.892,-14.221,5.615
-0.147,-0.490,0.898,1.038,-17.639,3.601
-0.158,-0.482,0.885,0.061,-15.686,0.549
-0.168,-0.463,0.859,-0.244,-13.000,0.610
-0.168,-0.454,0.887,-0.305,-12.146,0.244
-0.181,-0.454,0.879,0.061,-6.470,-0.854
-0.196,-0.454,0.866,2.136,-4.822,-2.563
-0.222,-0.439,0.851,4.883,-4.395,-5.188
-0.254,-0.430,0.813,6.531,-4.272,-7.507
-0.276,-0.411,0.807,6.409,-5.127,-8.850
-0.312,-0.400,0.787,4.883,-5.920,-9.338
-0.334,-0.404,0.774,2.991,-5.676,-8.057
-0.363,-0.395,0.776,2.380,-4.089,-5.066
-0.359,-0.378,0.773,2.075,-0.610,-0.427
-0.341,-0.389,0.786,0.671,3.113,4.211
-0.309,-0.426,0.797,-1.709,5.920,7.141
-0.283,-0.447,0.828,-3.906,7.324,8.789
-0.271,-0.456,0.847,-4.395,7.751,8.484
-0.267,-0.452,0.841,-3.784,7.019,7.080
-0.243,-0.459,0.827,-2.991,5.066,6.042
-0.237,-0.451,0.837,-2.319,2.319,4.089
-0.257,-0.430,0.848,-2.808,0.061,1.160
-0.288,-0.414,0.869,-2.930,-1.404,0.183
-0.291,-0.413,0.858,-2.197,-2.502,2.136
-0.284,-0.419,0.854,-2.197,-2.869,4.883
-0.278,-0.432,0.851,-3.662,-3.479,6.836
-0.256,-0.444,0.859,-4.578,-3.906,8.484
-0.248,-0.452,0.854,-3.967,-3.601,9.155
-0.237,-0.457,0.850,-2.563,-3.418,9.460
-0.225,-0.450,0.837,-1.892,-2.747,9.338
-0.224,-0.443,0.825,-2.563,-2.441,7.507
-0.219,-0.449,0.828,-2.869,-1.770,4.944
-0.217,-0.451,0.824,-2.197,-0.366,2.319
-0.222,-0.440,0.814,-1.831,0.549,0.244
-0.238,-0.427,0.814,-2.625,-0.122,-0.366
-0.243,-0.427,0.822,-4.028,-0.732,0.549
-0.252,-0.419,0.828,-5.371,-0.427,2.258
-0.244,-0.428,0.842,-6.836,0.305,3.967
-0.245,-0.444,0.859,-7.935,1.221,4.395
-0.251,-0.452,0.873,-7.935,1.770,4.456
-0.253,-0.446,0.887,-6.348,2.075,4.883
-0.249,-0.437,0.883,-4.395,2.502,5.127
-0.239,-0.424,0.870,-3.540,2.075,4.700
-0.238,-0.431,0.861,-4.333,0.244,3.418
-0.239,-0.430,0.862,-4.761,-1.465,2.258
-0.231,-0.433,0.843,-4.944,-1.648,1.953
-0.231,-0.431,0.848,-6.104,-1.343,1.831
-0.233,-0.427,0.852,-7.568,-1.160,2.014
-0.233,-0.429,0.861,-8.179,-1.038,2.563
-0.233,-0.434,0.868,-8.362,-1.221,2.563
-0.235,-0.432,0.874,-8.606,-1.404,2.441
-0.238,-0.428,0.884,-8.911,-1.648,1.770
-0.240,-0.431,0.907,-8.728,-4.272,0.488
-0.249,-0.421,0.880,-7.874,-4.883,0.122
-0.240,-0.440,0.895,-7.019,-5.676,-0.427
-0.247,-0.425,0.881,-5.310,-4.700,0.366
-0.246,-0.418,0.879,-3.601,-3.235,1.465
-0.238,-0.407,0.873,-3.601,-1.160,2.502
-0.259,-0.425,0.903,-3.723,-0.916,2.075
-0.276,-0.444,0.973,-2.869,-0.793,2.808
-0.253,-0.439,0.984,-1.953,-1.709,3.357
-0.243,-0.431,0.952,-1.465,-4.028,1.648
-0.239,-0.423,0.906,-0.183,-5.249,0.061
-0.228,-0.411,0.867,0.488,-3.967,-0.305
-0.228,-0.400,0.848,0.000,-2.502,-0.183
-0.228,-0.404,0.851,-0.732,-1.587,0.061
-0.224,-0.416,0.866,-1.282,-0.549,-0.061
-0.221,-0.416,0.876,-0.793,0.610,0.000
-0.231,-0.405,0.897,-0.427,1.038,-0.671
-0.242,-0.404,0.915,-0.061,0.488,-1.099
-0.249,-0.397,0.923,1.282,0.061,-0.732
-0.239,-0.401,0.892,2.808,-0.061,-0.549
-0.234,-0.421,0.847,3.113,0.061,-0.732
-0.233,-0.412,0.837,1.648,-1.038,-0.732
-0.245,-0.405,0.873,-0.671,-3.174,-0.610
-0.240,-0.408,0.881,-0.671,-2.869,-0.671
-0.239,-0.408,0.875,0.793,-1.221,-0.916

-0.089,-0.659,2.055,25.635,65.552,39.246
-0.073,-0.645,2.154,42.908,62.683,26.489
-0.021,-0.632,2.169,65.857,63.232,12.512
0.005,-0.605,2.140,90.637,62.744,3.479
0.022,-0.563,2.091,111.938,59.326,-0.122
0.032,-0.496,2.074,135.010,52.490,0.916
0.113,-0.463,2.005,155.701,50.964,3.906
0.173,-0.426,1.858,166.626,53.650,0.061
0.203,-0.401,1.722,169.800,49.500,-8.057
0.205,-0.404,1.622,172.424,34.119,-18.005
0.177,-0.328,1.475,178.467,19.836,-27.954
0.126,-0.183,1.401,190.308,14.771,-33.386
0.113,-0.114,1.352,199.097,16.541,-31.006
0.130,-0.103,1.248,198.059,23.682,-27.893
0.165,-0.172,1.206,195.740,26.855,-25.818
0.229,-0.261,1.139,192.810,27.771,-27.039
0.219,-0.227,1.020,191.956,26.489,-36.194
0.131,-0.142,1.090,195.740,18.250,-44.128
0.140,-0.125,1.087,195.801,13.916,-43.457
0.135,-0.140,0.949,199.768,15.503,-43.335
0.141,-0.236,0.824,213.013,9.705,-44.434
0.154,-0.225,0.600,221.863,5.493,-48.523
0.105,-0.192,0.431,222.595,1.892,-56.458
0.055,-0.182,0.363,216.919,-3.174,-58.960
-0.025,-0.162,0.318,207.397,-4.578,-58.044
-0.088,-0.225,0.242,205.017,-2.747,-56.580
-0.146,-0.249,0.224,205.750,-2.441,-54.871
-0.173,-0.262,0.091,208.923,1.953,-55.481
-0.193,-0.332,-0.017,205.139,3.662,-56.885
-0.220,-0.369,-0.056,198.242,4.517,-58.777
-0.267,-0.347,-0.167,196.655,11.963,-61.218
-0.349,-0.364,-0.259,194.458,18.372,-60.181
-0.354,-0.394,-0.292,183.044,19.775,-54.077
-0.362,-0.464,-0.389,169.495,20.081,-57.251
-0.412,-0.467,-0.438,163.208,16.724,-62.439
-0.464,-0.464,-0.371,154.358,5.981,-59.204
-0.506,-0.493,-0.419,149.719,-4.395,-55.420
-0.512,-0.506,-0.562,155.823,-12.634,-56.458
-0.547,-0.445,-0.703,157.471,-25.513,-55.603
-0.588,-0.453,-0.833,146.851,-46.570,-52.795
-0.592,-0.513,-0.981,136.780,-75.684,-51.208
-0.587,-0.596,-1.133,140.930,-96.008,-41.260
-0.757,-0.473,-1.339,141.235,-95.093,-19.104
-0.749,-0.463,-1.455,125.793,-86.548,1.038
-0.886,-0.433,-1.567,111.389,-78.064,21.423
-0.962,-0.342,-1.631,94.849,-69.824,36.987
-0.888,-0.440,-1.599,70.557,-63.782,33.630
-0.727,-0.555,-1.533,51.331,-50.720,27.283
-0.534,-0.655,-1.443,29.236,-26.489,25.330
-0.354,-0.678,-1.297,-1.709,-3.113,32.715
-0.252,-0.734,-1.067,-30.212,4.211,37.292
-0.193,-0.761,-0.826,-46.936,2.258,37.659
-0.137,-0.799,-0.712,-51.697,4.822,34.119
-0.095,-0.813,-0.680,-50.537,12.085,26.917
-0.103,-0.818,-0.671,-52.612,17.029,17.273
-0.138,-0.800,-0.664,-59.753,14.526,8.484
-0.203,-0.767,-0.651,-67.017,5.249,2.258
-0.272,-0.718,-0.652,-70.313,-5.493,-0.916
-0.329,-0.671,-0.727,-72.693,-17.883,-2.747
-0.376,-0.654,-0.823,-75.684,-33.997,-3.418
-0.407,-0.644,-0.869,-82.458,-53.528,-2.258
-0.419,-0.599,-0.856,-92.773,-67.993,-0.244
-0.413,-0.575,-0.849,-105.408,-70.068,1.648
-0.373,-0.579,-0.848,-119.690,-63.660,2.930
-0.338,-0.568,-0.794,-134.705,-53.833,3.357
-0.303,-0.544,-0.718,-148.010,-40.344,2.258
-0.292,-0.513,-0.628,-158.142,-23.560,-0.732
-0.292,-0.461,-0.526,-165.100,-7.202,-3.052
-0.359,-0.365,-0.377,-171.448,3.723,-4.456
-0.383,-0.370,-0.307,-177.795,9.827,-2.625
-0.358,-0.391,-0.242,-183.777,9.155,1.709
-0.332,-0.410,-0.167,-188.782,3.845,5.798
-0.273,-0.460,-0.165,-193.848,-0.305,6.042
-0.225,-0.447,-0.144,-200.500,-5.371,4.822
-0.153,-0.450,-0.138,-207.703,-9.155,1.099
-0.121,-0.396,-0.092,-214.478,-11.292,-6.531
-0.186,-0.195,0.035,-216.492,-11.047,-13.794
-0.237,-0.026,0.177,-214.233,-9.521,-15.686
-0.345,-0.009,0.248,-209.045,-8.728,-11.658
-0.409,0.141,0.374,-206.238,-10.254,6.714
-0.414,0.175,0.567,-220.398,-12.634,30.273
-0.307,0.060,0.668,-244.385,-14.221,51.331
-0.177,-0.052,0.788,-259.644,-12.878,61.707
-0.096,-0.164,1.059,-260.681,-13.245,61.768
-0.050,-0.105,1.267,-252.991,-0.977,53.040
-0.153,-0.127,1.614,-235.291,16.235,40.466
-0.095,-0.158,1.978,-219.360,31.250,36.438
0.020,-0.236,1.941,-213.928,47.852,31.067
0.125,-0.265,1.952,-197.327,44.495,19.104
0.055,-0.394,1.941,-171.204,30.090,9.033
0.098,-0.384,1.838,-152.100,15.015,5.310
0.072,-0.304,1.737,-136.780,1.526,4.822
0.035,-0.349,1.829,-126.526,-11.230,5.859
0.101,-0.480,1.903,-129.089,-8.301,4.761
0.009,-0.573,1.866,-128.113,10.376,-4.272
-0.067,-0.607,1.848,-117.432,23.987,-10.498
-0.132,-0.625,1.820,-104.492,24.902,-11.780
-0.174,-0.666,1.771,-87.952,21.851,-13.184
-0.197,-0.611,1.680,-68.726,23.743,-13.428
-0.017,-0.456,1.557,-51.331,31.616,-16.968
0.026,-0.350,0.991,-50.354,47.302,-36.316
-0.039,-0.699,1.052,-43.213,-8.484,-61.890
-0.199,-0.613,1.360,-57.678,-27.222,-43.701
-0.136,-0.500,1.434,-61.035,-20.752,-35.095
-0.083,-0.609,1.409,-63.843,5.676,-29.419
-0.134,-0.622,1.279,-62.683,17.578,-8.179
-0.029,-0.521,1.214,-60.913,16.785,13.245
0.060,-0.353,1.191,-55.481,7.629,22.339
0.043,-0.273,1.148,-41.321,-6.775,19.104
0.052,-0.370,1.124,-27.100,-16.785,4.395
-0.070,-0.369,0.940,-15.442,-16.663,-9.399
-0.189,-0.434,1.021,-5.127,-28.503,-15.503
-0.216,-0.377,1.002,-2.869,-21.484,-10.193
-0.228,-0.355,0.929,-2.991,-7.385,-8.789
-0.205,-0.381,0.859,-6.653,4.089,-6.348
-0.172,-0.386,0.775,-11.047,8.240,-2.869
-0.147,-0.412,0.761,-13.489,2.075,-1.892
-0.137,-0.430,0.783,-12.756,-8.728,-2.441
-0.145,-0.410,0.792,-10.254,-17.761,-2.869

-0.104,-0.368,2.025,79.773,65.918,18.738
-0.041,-0.389,2.058,91.370,69.214,19.104
0.058,-0.426,2.057,99.548,73.914,16.418
0.141,-0.460,1.949,111.694,77.332,9.338
0.165,-0.433,1.937,128.479,72.937,-1.221
0.169,-0.317,1.801,146.057,67.017,-12.939
0.128,-0.227,1.711,161.560,56.458,-22.095
0.140,-0.198,1.594,171.265,41.138,-26.794
0.151,-0.161,1.501,173.523,28.809,-31.006
0.134,-0.026,1.361,177.307,23.560,-35.461
0.105,0.048,1.326,185.120,17.822,-36.682
0.137,-0.085,1.280,185.791,8.179,-33.081
0.210,-0.266,1.196,174.927,-1.343,-31.372
0.249,-0.281,1.093,172.241,-10.071,-34.790
0.168,-0.188,1.187,184.143,-22.034,-39.734
0.103,-0.052,1.244,202.942,-24.414,-39.978
0.120,-0.129,1.169,215.576,-17.395,-37.659
0.190,-0.146,0.977,219.788,-7.324,-36.987
0.237,-0.199,0.906,220.337,-3.540,-40.039
0.240,-0.257,0.782,215.332,-2.502,-46.936
0.122,-0.199,0.712,216.309,-1.892,-55.359
0.100,-0.202,0.604,225.281,-1.343,-57.495
0.110,-0.243,0.422,218.628,-3.967,-60.547
0.012,-0.277,0.274,205.261,-11.597,-65.613
-0.073,-0.335,0.161,198.547,-20.569,-67.932
-0.161,-0.320,0.032,200.378,-27.832,-68.115
-0.257,-0.354,-0.157,208.435,-26.367,-70.435
-0.353,-0.423,-0.409,213.135,-23.010,-73.792
-0.437,-0.459,-0.670,211.792,-24.292,-71.106
-0.461,-0.482,-0.848,201.599,-32.410,-64.209
-0.521,-0.458,-0.934,180.847,-44.617,-54.565
-0.619,-0.507,-0.930,157.715,-56.030,-44.617
-0.576,-0.605,-0.896,142.029,-56.580,-36.072
-0.620,-0.557,-0.912,133.911,-45.715,-19.409
-0.884,-0.378,-0.916,124.512,-40.283,-0.793
-0.774,-0.482,-0.868,110.962,-41.748,-2.808
-0.701,-0.595,-0.681,93.201,-45.105,-5.371
-0.613,-0.673,-0.401,72.449,-37.964,1.892
-0.477,-0.816,-0.163,47.607,-22.095,7.263
-0.343,-0.915,0.085,28.625,-13.550,10.071
-0.249,-0.968,0.306,23.682,-15.747,9.644
-0.189,-0.980,0.320,35.583,-20.325,3.906
-0.114,-0.958,0.125,62.683,-21.912,-7.080
-0.098,-0.883,-0.139,89.417,-24.536,-23.926
-0.163,-0.860,-0.369,101.074,-35.034,-42.236
-0.260,-0.824,-0.599,100.830,-45.288,-54.810
-0.379,-0.715,-0.793,97.656,-51.086,-58.350
-0.456,-0.641,-1.001,91.980,-54.443,-54.932
-0.519,-0.678,-1.184,78.369,-59.692,-46.997
-0.570,-0.695,-1.220,58.350,-63.110,-35.278
-0.558,-0.674,-1.172,33.691,-54.382,-21.973
-0.472,-0.572,-1.155,9.216,-33.691,-9.827
-0.460,-0.507,-1.089,-8.850,-11.597,-3.357
-0.536,-0.645,-0.990,-24.109,7.690,-1.953
-0.486,-0.748,-0.844,-40.039,24.231,6.897
-0.394,-0.768,-0.676,-54.504,33.630,19.592
-0.324,-0.852,-0.622,-62.256,37.720,21.362
-0.299,-0.890,-0.564,-62.439,32.166,16.846
-0.297,-0.869,-0.528,-59.387,22.766,11.902
-0.288,-0.844,-0.580,-57.922,14.771,6.287
-0.308,-0.825,-0.643,-58.655,1.648,1.099
-0.358,-0.776,-0.654,-60.242,-14.099,-0.671
-0.379,-0.712,-0.712,-62.927,-22.278,1.892
-0.373,-0.656,-0.778,-69.458,-25.024,6.958
-0.349,-0.622,-0.799,-81.543,-27.954,13.062
-0.313,-0.608,-0.755,-98.755,-29.663,18.127
-0.258,-0.612,-0.731,-117.859,-24.475,18.921
-0.221,-0.569,-0.635,-134.216,-14.282,15.015
-0.211,-0.558,-0.557,-147.461,-2.197,8.850
-0.189,-0.562,-0.463,-159.119,7.935,2.625
-0.192,-0.525,-0.340,-168.457,18.921,-3.113
-0.215,-0.454,-0.236,-173.157,33.081,-9.766
-0.249,-0.408,-0.186,-176.025,44.067,-15.076
-0.321,-0.326,-0.066,-180.786,47.180,-16.968
-0.383,-0.298,0.010,-187.988,47.058,-15.137
-0.435,-0.295,0.019,-194.763,46.509,-10.010
-0.451,-0.300,0.082,-200.928,40.710,-1.953
-0.409,-0.368,0.153,-212.036,34.241,4.883
-0.376,-0.418,0.213,-222.412,27.771,7.874
-0.370,-0.504,0.239,-221.497,25.574,5.432
-0.370,-0.580,0.287,-213.135,30.884,-1.709
-0.367,-0.620,0.331,-210.327,46.082,-8.972
-0.198,-0.467,0.280,-215.393,71.228,-9.766
-0.198,-0.243,0.356,-221.985,85.327,-0.549
-0.185,0.131,0.596,-244.080,84.412,16.357
-0.332,0.806,0.732,-258.362,68.237,37.476
-0.531,1.274,0.976,-233.521,12.451,68.237
-0.555,0.704,1.507,-197.571,-60.059,75.073
-0.328,0.032,1.877,-172.546,-86.487,69.031
-0.266,-0.615,2.042,-192.566,-36.316,66.772
0.227,-0.581,1.664,-237.000,61.462,68.787
0.334,-0.566,1.644,-221.863,60.913,65.552
0.208,-0.753,2.018,-197.327,40.833,34.180
0.155,-0.808,1.945,-178.406,52.307,10.986
0.181,-0.782,1.834,-163.879,57.800,1.282
0.087,-0.555,1.747,-155.457,65.857,-0.916
-0.030,-0.154,1.703,-143.433,80.017,9.583
-0.083,0.070,1.753,-131.042,82.764,26.306
-0.011,0.211,1.775,-130.005,81.543,36.316
0.018,0.224,1.768,-127.258,79.773,37.781
0.167,-0.028,1.748,-111.450,75.928,27.832
0.381,-0.199,1.615,-85.876,71.655,13.794
0.358,-0.321,0.957,-66.406,66.406,-7.874
0.285,-0.671,1.116,-51.636,-15.686,-28.687
0.078,-0.395,1.308,-29.480,-73.425,-14.221
0.091,-0.374,1.346,-25.452,-87.891,-24.170
0.063,-0.412,1.079,-28.809,-69.092,-37.292
-0.062,-0.382,1.140,-30.029,-70.801,-37.476
-0.112,-0.193,1.039,-29.541,-72.021,-20.691
-0.167,-0.068,0.974,-24.048,-74.463,-4.700
-0.249,-0.149,1.020,-17.517,-86.304,4.822
-0.197,-0.203,1.187,-26.245,-86.548,14.465
-0.141,-0.220,1.452,-42.847,-62.988,11.414
-0.147,-0.314,1.589,-38.940,-25.696,-2.380
-0.152,-0.352,1.271,-28.870,15.381,-12.573
-0.090,-0.348,1.053,-27.222,29.541,-13.855
-0.101,-0.345,1.221,-20.935,14.099,-17.944
-0.184,-0.382,1.365,-14.648,-2.258,-24.048
-0.257,-0.344,1.233,-11.230,-4.578,-22.644

0.203,-0.116,2.393,75.439,56.396,58.960
0.220,-0.091,2.450,98.755,52.185,47.241
0.319,-0.092,2.345,124.512,51.880,37.354
0.374,-0.019,2.192,148.804,47.974,26.428
0.289,0.121,2.097,174.988,38.513,14.404
0.203,0.140,2.005,200.012,27.405,7.568
0.241,0.148,1.794,213.135,17.395,7.202
0.295,0.171,1.575,221.741,5.249,7.812
0.327,0.151,1.495,228.760,-17.334,5.371
0.318,0.130,1.421,228.882,-38.025,0.671
0.319,0.161,1.383,229.370,-48.523,-2.808
0.255,0.174,1.431,229.919,-49.194,-5.493
0.160,0.209,1.500,226.379,-41.565,-6.836
0.255,0.098,1.475,225.037,-39.001,-4.028
0.354,0.079,1.395,224.609,-41.626,-6.592
0.376,0.101,1.350,232.971,-41.260,-18.494
0.361,0.068,1.214,246.277,-38.879,-34.119
0.286,0.138,1.020,262.756,-27.832,-46.570
0.187,0.252,0.875,281.189,-7.874,-50.598
0.148,0.155,0.693,281.311,9.399,-54.443
0.174,0.006,0.413,273.376,19.409,-59.998
0.128,-0.102,0.294,269.043,11.353,-64.453
0.037,-0.178,0.073,268.372,2.014,-69.763
-0.037,-0.269,-0.175,267.273,-5.127,-71.350
-0.120,-0.368,-0.292,262.512,-16.602,-72.937
-0.158,-0.379,-0.486,255.615,-19.531,-77.820
-0.263,-0.192,-0.586,248.657,-17.151,-78.003
-0.414,-0.140,-0.597,241.211,-17.029,-70.251
-0.490,-0.184,-0.766,229.065,-16.479,-65.979
-0.474,-0.182,-1.022,219.360,-23.560,-66.101
-0.560,-0.190,-1.140,214.783,-49.072,-63.049
-0.628,-0.211,-1.213,204.468,-79.102,-56.885
-0.656,-0.270,-1.341,190.186,-98.206,-47.119
-0.651,-0.357,-1.551,184.692,-101.746,-33.936
-0.678,-0.380,-1.685,182.678,-87.830,-19.592
-0.731,-0.498,-1.812,159.424,-59.509,-12.634
-0.625,-0.631,-1.897,121.704,-35.706,-11.658
-0.538,-0.659,-1.817,85.999,-32.349,-8.484
-0.524,-0.611,-1.655,54.443,-39.673,-4.822
-0.498,-0.596,-1.460,29.236,-46.265,-3.174
-0.454,-0.614,-1.314,8.972,-51.697,-0.671
-0.413,-0.662,-1.175,-8.057,-60.486,3.662
-0.360,-0.726,-1.007,-22.461,-71.472,8.118
-0.367,-0.751,-0.817,-33.508,-78.918,10.620
-0.327,-0.792,-0.723,-33.264,-72.632,11.780
-0.237,-0.829,-0.781,-28.870,-45.959,9.277
-0.156,-0.889,-0.905,-34.424,-17.700,2.075
-0.132,-0.914,-0.972,-47.974,-7.751,-4.883
-0.144,-0.889,-0.950,-59.631,-9.399,-10.132
-0.153,-0.861,-0.985,-68.054,-5.859,-14.709
-0.153,-0.831,-1.026,-77.759,0.183,-18.799
-0.173,-0.771,-1.037,-91.492,5.188,-19.958
-0.198,-0.697,-1.010,-107.178,9.521,-18.433
-0.205,-0.642,-0.978,-123.962,14.893,-16.602
-0.201,-0.610,-0.907,-141.663,19.531,-15.503
-0.202,-0.564,-0.797,-157.715,24.780,-15.076
-0.232,-0.483,-0.663,-169.678,33.447,-15.747
-0.270,-0.441,-0.572,-179.321,45.410,-16.479
-0.323,-0.376,-0.488,-190.125,53.833,-15.503
-0.370,-0.329,-0.378,-201.660,54.199,-11.475
-0.333,-0.297,-0.271,-213.440,51.270,-6.042
-0.318,-0.253,-0.111,-225.037,50.232,-5.310
-0.396,-0.276,-0.005,-232.239,54.382,-11.414
-0.369,-0.361,-0.016,-230.835,57.983,-15.015
-0.290,-0.381,0.008,-225.281,57.251,-15.076
-0.257,-0.233,0.005,-225.464,56.702,-18.921
-0.383,-0.020,0.105,-229.553,51.880,-20.752
-0.472,0.035,0.185,-233.276,42.053,-11.047
-0.441,0.057,0.294,-234.314,33.936,10.437
-0.326,0.050,0.445,-235.352,34.607,32.532
-0.209,0.158,0.551,-239.136,46.631,44.128
-0.224,0.263,0.693,-241.455,58.350,45.349
-0.278,0.297,0.854,-239.868,64.453,45.959
-0.317,0.317,0.968,-234.924,67.200,51.147
-0.326,0.380,1.206,-225.464,69.580,62.317
-0.195,0.394,1.578,-220.093,74.524,79.224
0.084,0.343,1.951,-229.553,83.984,92.712
0.259,0.349,2.247,-242.798,93.201,94.666
0.217,0.333,2.634,-239.990,92.834,91.125
0.315,0.138,2.843,-224.609,81.787,88.013
0.557,-0.045,2.794,-200.867,61.279,86.243
0.680,-0.185,2.655,-164.185,33.264,74.097
0.776,-0.243,2.422,-118.408,13.550,55.664
0.788,-0.478,2.095,-73.853,-1.343,33.936
0.814,-0.756,1.623,-52.856,-15.198,10.498
0.365,-0.631,1.360,-53.406,-38.086,-16.907
0.327,-0.492,0.948,-54.688,-61.157,-41.077
-0.191,-0.498,1.891,-47.119,-118.958,-50.842
-0.327,-0.262,1.448,-39.734,-74.707,-28.320
-0.270,-0.279,1.459,-37.537,-40.710,-26.917
-0.160,-0.301,1.149,-33.936,-18.372,-28.503
-0.132,-0.355,0.952,-40.955,-17.944,-23.315
-0.151,-0.315,0.946,-45.837,-36.316,-17.334
-0.117,-0.290,0.921,-47.791,-45.288,-17.761
-0.080,-0.290,0.899,-45.715,-47.791,-18.738
-0.067,-0.238,0.920,-41.809,-45.288,-15.503
-0.051,-0.206,0.956,-37.415,-31.250,-12.756
-0.052,-0.199,0.998,-36.194,-8.850,-11.292
-0.059,-0.205,1.010,-39.856,10.864,-7.446
-0.065,-0.242,1.053,-44.983,20.874,-4.517
-0.096,-0.308,1.153,-46.570,26.367,-5.066
-0.031,-0.326,1.133,-48.340,33.081,-7.141
0.017,-0.262,0.914,-50.720,33.325,-15.442
-0.156,-0.435,1.249,-46.509,-0.916,-26.611
-0.193,-0.466,1.436,-40.283,-16.602,-19.409
-0.147,-0.397,1.901,-28.809,-36.865,-30.823
-0.333,-0.147,1.793,-13.916,-44.556,-42.664
-0.364,-0.045,1.215,-11.963,-19.653,-32.043
-0.180,-0.134,0.737,-14.771,-2.563,-15.869
-0.168,-0.262,0.828,-11.841,-13.245,-7.507
-0.099,-0.213,0.854,-8.789,-21.118,1.770
-0.050,-0.191,0.799,-6.775,-20.996,2.075
-0.078,-0.197,0.740,-3.052,-18.433,-3.113
-0.128,-0.245,0.731,-4.028,-14.343,-6.592
-0.202,-0.283,0.975,-5.493,-11.108,-4.395
-0.163,-0.225,1.151,-5.310,-4.272,1.282
-0.130,-0.197,1.204,-5.981,-0.671,0.244
-0.120,-0.208,1.099,-5.371,1.282,-5.188
-0.146,-0.166,0.938,-3.845,0.366,-8.057

-0.363,-0.264,-2.107,155.884,-175.781,-54.810
-0.442,-0.266,-2.285,144.165,-193.115,-51.819
-0.578,-0.322,-2.322,127.625,-182.800,-41.626
-0.708,-0.487,-2.186,95.520,-147.278,-24.902
-0.692,-0.561,-2.028,53.284,-95.459,-2.441
-0.575,-0.537,-1.784,15.198,-44.128,18.433
-0.499,-0.570,-1.478,-12.146,-6.104,33.142
-0.448,-0.675,-1.197,-33.691,24.963,40.649
-0.386,-0.763,-0.954,-50.293,53.650,43.518
-0.328,-0.814,-0.750,-60.730,76.294,43.640
-0.269,-0.866,-0.612,-66.772,88.623,41.504
-0.200,-0.909,-0.528,-68.298,89.783,38.025
-0.144,-0.909,-0.474,-66.711,83.191,32.776
-0.124,-0.899,-0.478,-62.500,72.510,25.635
-0.104,-0.883,-0.547,-54.688,62.439,18.005
-0.084,-0.851,-0.658,-48.523,54.810,9.399
-0.075,-0.826,-0.765,-48.950,45.715,0.793
-0.094,-0.781,-0.835,-54.993,34.729,-5.981
-0.136,-0.688,-0.847,-63.904,26.978,-11.658
-0.173,-0.628,-0.865,-76.782,23.560,-16.052
-0.203,-0.587,-0.859,-94.482,19.287,-16.907
-0.218,-0.550,-0.795,-112.305,15.076,-13.123
-0.191,-0.528,-0.717,-129.272,16.785,-8.606
-0.166,-0.508,-0.634,-144.958,24.841,-7.874
-0.166,-0.489,-0.548,-155.273,34.851,-11.353
-0.214,-0.420,-0.448,-161.194,44.983,-16.296
-0.271,-0.427,-0.379,-166.504,53.894,-21.179
-0.284,-0.471,-0.340,-174.316,59.082,-24.658
-0.276,-0.514,-0.282,-182.312,58.838,-28.809
-0.256,-0.534,-0.220,-188.049,59.021,-35.950
-0.292,-0.414,-0.138,-190.796,63.354,-46.509
-0.418,-0.220,-0.065,-190.002,68.237,-52.917
-0.509,-0.128,-0.059,-193.604,64.209,-49.622
-0.608,-0.052,0.028,-204.468,48.645,-35.034
-0.643,-0.085,0.141,-216.980,31.311,-14.465
-0.554,-0.172,0.193,-226.318,18.677,5.371
-0.434,-0.250,0.251,-229.004,14.587,17.517
-0.326,-0.311,0.307,-226.746,20.630,19.714
-0.262,-0.368,0.390,-218.933,36.438,17.578
-0.191,-0.402,0.453,-210.083,63.538,11.230
-0.124,-0.384,0.481,-202.332,97.168,1.221
-0.107,-0.288,0.518,-192.566,128.296,-13.367
-0.349,-0.024,0.691,-184.387,147.095,-25.330
-0.597,0.385,1.082,-195.862,147.827,-12.878
-0.450,0.708,1.496,-232.300,130.127,27.771
-0.397,0.490,1.655,-259.521,93.018,67.871
-0.223,-0.029,1.782,-267.212,50.232,95.276
0.030,-0.265,1.895,-268.982,11.108,118.164
0.175,-0.403,1.938,-254.700,-6.287,113.770
0.204,-0.481,2.000,-217.468,-1.587,86.731
0.244,-0.558,1.920,-176.880,14.404,49.622
0.229,-0.619,1.756,-146.729,29.053,15.015
0.199,-0.598,1.642,-120.605,40.344,-5.554
0.145,-0.573,1.589,-96.252,60.486,-17.578
0.122,-0.514,1.514,-78.796,95.398,-24.231
0.092,-0.323,1.532,-73.853,133.118,-22.827
0.054,-0.124,1.524,-83.801,154.358,-12.939
0.078,-0.044,1.626,-100.586,150.024,0.916
0.143,-0.142,1.602,-112.549,125.427,8.545
0.289,-0.255,1.664,-112.488,87.524,7.202
0.231,-0.493,1.262,-104.553,53.589,-10.315
-0.028,-0.623,1.636,-92.590,-25.146,-24.353
-0.158,-0.418,1.533,-67.261,-70.251,-19.104
-0.198,-0.372,1.365,-39.490,-88.074,-21.545
-0.212,-0.348,1.068,-18.555,-97.595,-28.503
-0.276,-0.263,0.936,-6.836,-110.718,-28.992
-0.351,-0.168,0.897,2.625,-108.643,-22.827
-0.317,-0.172,0.768,7.507,-85.449,-10.986
-0.274,-0.194,0.736,9.583,-51.819,3.723
-0.188,-0.239,0.710,4.333,-13.123,17.822
-0.098,-0.300,0.730,-13.672,20.264,25.574
-0.019,-0.326,0.816,-35.461,41.748,27.344
0.013,-0.324,0.913,-48.645,50.964,25.513
0.003,-0.355,0.982,-51.636,49.255,16.907
-0.030,-0.363,1.013,-49.377,42.664,6.836
-0.060,-0.352,0.929,-44.556,33.875,-2.502
-0.618,-1.035,2.106,-34.119,-1.465,-7.507
-0.024,-0.342,3.212,-9.949,-30.945,17.944
0.179,0.256,1.896,-26.367,-38.025,12.512
-0.074,-0.076,0.834,-16.418,-43.213,-26.489
-0.072,-0.363,0.343,15.991,-36.682,-33.325
-0.312,-0.454,0.486,23.437,-33.020,-25.208
-0.133,-0.199,0.408,1.709,-7.690,-9.583
-0.046,-0.143,0.397,-13.733,2.197,0.122
-0.204,-0.374,0.809,-16.174,5.371,-1.831
-0.198,-0.414,1.327,-21.667,5.066,2.197
-0.074,-0.133,1.544,-33.752,-5.859,8.362
-0.084,-0.095,1.271,-26.978,-14.709,1.038
-0.125,-0.247,0.976,-2.991,-15.137,-9.216
-0.108,-0.317,0.706,6.531,-4.761,-11.475
-0.143,-0.296,0.722,4.211,-3.235,-7.690
-0.178,-0.252,0.892,0.183,-4.272,-3.540
-0.180,-0.221,1.022,-0.183,-3.967,-0.854
-0.191,-0.220,1.074,0.977,-6.531,-1.099
-0.190,-0.221,1.006,2.136,-5.615,-2.258
-0.190,-0.235,0.920,2.197,-1.465,-3.662
-0.206,-0.249,0.876,0.977,2.686,-3.967
-0.216,-0.256,0.894,0.366,4.028,-2.136
-0.214,-0.256,0.936,-1.343,2.075,-0.244
-0.205,-0.268,0.952,-2.930,-3.174,0.427
-0.197,-0.271,0.952,-2.625,-10.620,0.122
-0.214,-0.270,0.931,-1.892,-12.878,-1.343
-0.237,-0.253,0.933,-1.282,-9.766,-2.258
-0.256,-0.232,0.941,-0.549,-3.601,-1.953
-0.249,-0.236,0.945,-0.061,0.977,-0.549
-0.230,-0.247,0.954,-0.183,3.479,1.526
-0.201,-0.262,0.944,0.000,3.235,2.502
-0.182,-0.272,0.942,0.732,1.099,2.380
-0.174,-0.271,0.942,1.099,-0.671,2.014
-0.162,-0.273,0.943,1.465,-2.258,1.892
-0.146,-0.266,0.935,1.526,-3.357,1.648
-0.148,-0.267,0.940,0.916,-4.761,0.671
-0.155,-0.259,0.955,-0.366,-6.165,-0.122
-0.161,-0.254,0.947,0.122,-3.906,-0.732
-0.182,-0.250,0.933,0.916,-0.854,-1.770
-0.195,-0.243,0.933,-0.671,0.244,-2.747
-0.213,-0.232,0.934,-3.113,-0.916,-2.869
-0.215,-0.236,0.946,-2.808,-3.357,-2.197
-0.210,-0.231,0.941,-1.343,-4.639,-1.099

0.156,-0.305,2.224,78.125,67.627,60.242
0.238,-0.312,2.256,93.445,75.256,48.218
0.293,-0.279,2.285,109.863,73.303,31.982
0.333,-0.253,2.168,123.108,66.895,13.184
0.239,-0.161,2.230,138.977,45.776,-1.709
0.253,-0.123,2.100,157.715,20.203,-9.583
0.269,-0.055,1.943,177.795,-1.892,-13.184
0.240,0.013,1.811,195.862,-10.559,-20.203
0.243,0.017,1.605,213.867,-11.597,-29.419
0.263,0.074,1.290,223.816,-10.315,-39.063
0.216,0.000,1.242,232.422,-18.555,-42.236
0.236,-0.030,1.246,229.858,-27.588,-36.560
0.214,0.028,1.162,215.576,-25.818,-35.767
0.181,-0.017,1.186,212.952,-21.057,-37.476
0.182,-0.025,1.196,218.384,-22.949,-36.560
0.220,-0.004,1.163,224.731,-25.757,-36.621
0.256,0.048,1.045,235.596,-29.541,-42.175
0.198,-0.022,1.003,252.686,-37.415,-48.279
0.255,-0.099,0.731,259.155,-43.030,-50.293
0.221,-0.154,0.682,253.845,-52.795,-55.176
0.134,-0.168,0.640,242.065,-61.157,-63.843
0.035,-0.109,0.622,233.276,-66.528,-70.801
0.003,-0.087,0.529,233.948,-71.655,-72.632
-0.049,-0.099,0.400,237.366,-76.477,-73.730
-0.133,-0.083,0.315,240.845,-77.454,-74.341
-0.148,-0.153,0.189,242.920,-73.914,-72.266
-0.211,-0.260,-0.015,237.915,-70.557,-69.458
-0.277,-0.300,-0.136,235.107,-63.721,-67.017
-0.282,-0.307,-0.257,232.483,-49.438,-64.880
-0.311,-0.300,-0.379,222.900,-37.292,-62.012
-0.363,-0.293,-0.503,218.506,-26.123,-56.335
-0.378,-0.289,-0.601,219.910,-13.611,-51.880
-0.364,-0.286,-0.736,217.407,-4.639,-53.162
-0.410,-0.295,-0.960,206.787,-6.409,-57.800
-0.534,-0.335,-1.122,198.364,-18.188,-59.082
-0.581,-0.313,-1.298,187.744,-33.020,-56.152
-0.688,-0.299,-1.438,166.077,-50.232,-54.932
-0.697,-0.218,-1.717,145.752,-72.571,-53.467
-0.713,-0.118,-2.001,127.380,-109.375,-51.758
-0.837,-0.109,-2.122,110.535,-153.992,-48.340
-0.901,-0.180,-2.172,96.191,-184.082,-40.222
-0.872,-0.247,-2.198,77.698,-182.068,-30.029
-0.903,-0.403,-2.078,50.720,-151.062,-21.118
-0.864,-0.568,-1.865,15.869,-99.304,-7.935
-0.743,-0.596,-1.584,-19.287,-37.598,12.695
-0.572,-0.546,-1.316,-44.250,19.226,33.325
-0.445,-0.622,-1.071,-60.181,59.265,44.189
-0.317,-0.718,-0.926,-75.317,83.191,48.096
-0.223,-0.784,-0.803,-88.440,87.708,47.424
-0.152,-0.818,-0.709,-94.299,76.477,43.274
-0.125,-0.832,-0.674,-95.642,59.387,34.546
-0.118,-0.836,-0.651,-95.886,42.603,21.729
-0.124,-0.794,-0.672,-100.037,27.405,8.240
-0.154,-0.771,-0.685,-108.276,9.705,-4.395
-0.195,-0.738,-0.650,-115.906,-7.080,-15.198
-0.236,-0.705,-0.590,-121.033,-12.878,-23.865
-0.254,-0.569,-0.556,-125.610,-3.662,-29.846
-0.277,-0.438,-0.566,-130.310,12.085,-31.128
-0.339,-0.370,-0.515,-135.742,21.606,-26.123
-0.344,-0.367,-0.487,-147.339,30.273,-15.808
-0.313,-0.403,-0.457,-163.391,37.109,-7.263
-0.303,-0.435,-0.329,-176.941,40.527,-4.456
-0.286,-0.458,-0.228,-188.110,44.739,-8.911
-0.278,-0.478,-0.149,-195.068,49.133,-18.555
-0.286,-0.489,-0.069,-195.557,54.626,-30.212
-0.286,-0.370,-0.018,-193.909,65.430,-40.527
-0.314,-0.283,0.068,-190.735,76.233,-45.898
-0.358,-0.187,0.178,-186.584,87.646,-44.067
-0.459,-0.032,0.306,-180.664,103.577,-32.288
-0.516,0.175,0.491,-175.964,115.723,-6.104
-0.483,0.101,0.496,-181.274,123.230,27.527
-0.361,-0.100,0.511,-201.843,108.093,61.096
-0.267,-0.218,0.646,-231.201,76.538,80.505
-0.207,-0.257,0.875,-249.512,50.842,81.360
-0.163,-0.327,1.045,-246.216,41.016,68.115
-0.170,-0.383,1.179,-225.647,47.974,48.828
-0.155,-0.354,1.230,-190.918,78.796,33.630
-0.123,-0.362,1.152,-153.259,123.962,26.855
-0.080,-0.295,1.054,-130.798,158.020,28.748
-0.130,0.020,1.165,-126.831,167.969,37.598
-0.165,0.255,1.319,-135.925,152.283,65.186
-0.003,-0.001,1.377,-156.921,118.164,90.637
0.136,-0.185,1.488,-181.152,74.707,104.736
0.233,-0.328,1.619,-196.960,37.170,102.722
0.272,-0.479,1.803,-198.242,13.062,83.984
0.274,-0.504,1.843,-176.453,4.517,57.495
0.287,-0.547,1.815,-139.893,7.202,30.457
0.318,-0.591,1.628,-102.722,21.240,6.226
0.298,-0.601,1.561,-81.482,38.452,-11.536
0.223,-0.436,1.460,-73.669,62.500,-19.287
0.104,-0.317,1.461,-75.623,81.848,-17.151
0.193,-0.243,1.568,-84.717,88.196,-9.216
0.104,-0.063,1.082,-97.351,108.154,-15.747
0.163,-0.459,1.208,-114.441,48.828,-21.729
-0.083,-0.344,1.703,-111.877,2.319,-1.892
-0.037,-0.364,1.710,-102.600,6.042,-2.014
0.014,-0.603,1.564,-84.656,26.428,-13.245
0.022,-0.512,0.829,-65.430,41.443,-12.756
0.154,-0.584,0.626,-55.969,-2.686,-6.836
0.155,-0.441,0.724,-53.528,-60.303,-6.287
-0.009,-0.339,0.962,-53.589,-94.543,-17.700
-0.160,-0.205,1.195,-45.044,-89.294,-17.273
-0.181,-0.084,1.189,-34.851,-45.898,-3.784
-0.081,-0.213,1.071,-32.654,-3.540,7.141
0.051,-0.295,1.008,-36.072,16.968,19.897
0.117,-0.354,0.989,-45.654,18.127,23.315
0.082,-0.406,1.159,-55.969,2.686,15.808
-0.006,-0.565,1.234,-62.195,-9.277,6.958
0.141,-0.386,1.781,-85.083,-56.213,-1.038
0.096,-0.116,2.463,-101.929,-124.512,-12.268
-0.150,-0.234,2.075,-64.636,-113.281,-31.677
-0.196,-0.200,1.136,10.559,-46.509,-31.616
-0.257,-0.263,0.666,47.363,-10.864,-19.043
-0.120,-0.274,0.429,48.828,16.907,-1.038
-0.012,-0.205,0.268,25.940,26.001,9.949
-0.060,-0.233,0.492,-6.775,5.005,4.211
-0.114,-0.167,0.886,-31.860,-19.897,-5.432
-0.119,-0.198,1.111,-44.373,-32.043,-13.611
-0.156,-0.300,1.210,-45.837,-31.982,-21.118

0.315,-0.301,1.992,121.460,54.749,20.142
0.342,-0.258,1.983,134.949,45.288,9.460
0.326,-0.208,1.931,147.522,33.813,-2.136
0.314,-0.171,1.875,161.316,23.499,-12.207
0.258,-0.099,1.802,174.377,14.282,-19.836
0.253,-0.065,1.688,183.594,9.766,-26.001
0.244,-0.099,1.633,188.477,-2.258,-27.649
0.263,-0.111,1.539,191.345,-13.489,-28.870
0.273,-0.052,1.514,199.829,-15.747,-31.921
0.266,-0.036,1.453,209.595,-9.949,-35.706
0.258,-0.079,1.328,212.646,-5.798,-39.490
0.259,-0.093,1.136,207.642,-9.277,-43.762
0.189,-0.062,1.031,203.796,-24.353,-46.875
0.141,-0.042,0.997,208.374,-42.969,-44.495
0.152,-0.079,0.878,213.684,-54.810,-39.001
0.184,-0.078,0.752,214.600,-62.134,-36.682
0.211,-0.138,0.697,210.693,-69.763,-35.828
0.180,-0.165,0.638,200.256,-73.059,-37.903
0.093,-0.161,0.648,197.510,-68.909,-42.725
0.078,-0.239,0.615,201.294,-61.646,-43.518
0.051,-0.231,0.497,202.759,-55.725,-45.532
-0.022,-0.221,0.460,207.397,-54.321,-48.950
-0.025,-0.307,0.345,209.229,-57.190,-47.607
-0.038,-0.324,0.212,201.111,-62.012,-48.218
-0.116,-0.365,0.266,193.481,-63.843,-48.889
-0.109,-0.467,0.182,187.012,-58.594,-46.814
-0.167,-0.566,0.146,176.758,-55.908,-46.143
-0.197,-0.706,0.191,167.175,-52.002,-44.556
-0.190,-0.746,0.189,158.630,-41.321,-46.326
-0.173,-0.742,0.217,157.776,-29.785,-48.706
-0.146,-0.754,0.159,162.598,-23.132,-52.185
-0.128,-0.692,-0.006,170.532,-21.301,-60.608
-0.199,-0.559,-0.018,181.152,-18.738,-72.693
-0.282,-0.373,-0.114,194.824,-11.047,-78.857
-0.375,-0.378,-0.310,194.702,-7.385,-82.458
-0.460,-0.440,-0.515,187.439,-13.672,-84.839
-0.523,-0.354,-0.710,181.458,-25.513,-82.886
-0.608,-0.332,-0.861,174.438,-39.795,-81.421
-0.703,-0.256,-1.153,175.842,-47.302,-77.881
-0.724,-0.213,-1.526,184.448,-48.035,-68.237
-0.588,-0.023,-1.793,181.580,-46.143,-47.241
-0.926,0.013,-2.217,171.204,-34.607,-12.817
-1.278,0.098,-2.408,139.465,-36.194,14.648
-1.632,-0.112,-2.165,80.566,-52.185,13.855
-1.402,-0.399,-1.830,14.954,-51.208,7.263
-1.057,-0.501,-1.678,-34.668,-29.480,21.179
-0.851,-0.576,-1.312,-68.298,-13.855,41.382
-0.695,-0.716,-0.894,-93.323,-1.892,50.354
-0.531,-0.777,-0.664,-108.826,14.404,57.739
-0.376,-0.868,-0.502,-107.361,22.461,64.026
-0.234,-0.919,-0.325,-99.548,23.865,63.477
-0.128,-0.912,-0.226,-96.985,21.667,56.091
-0.082,-0.877,-0.197,-95.703,13.489,45.288
-0.091,-0.842,-0.168,-90.881,0.122,34.119
-0.159,-0.843,-0.165,-85.999,-12.512,23.621
-0.236,-0.829,-0.219,-83.801,-23.499,15.442
-0.309,-0.798,-0.266,-81.970,-33.203,11.353
-0.357,-0.766,-0.320,-83.069,-41.626,10.742
-0.379,-0.764,-0.381,-90.332,-48.523,12.085
-0.373,-0.751,-0.378,-99.670,-53.223,13.550
-0.361,-0.733,-0.326,-111.633,-52.002,12.573
-0.325,-0.733,-0.296,-123.840,-43.091,8.545
-0.318,-0.680,-0.219,-132.324,-29.541,2.991
-0.346,-0.618,-0.117,-134.949,-14.099,-0.732
-0.331,-0.650,-0.138,-135.864,1.160,-1.648
-0.315,-0.613,-0.114,-137.634,9.827,-1.892
-0.372,-0.536,-0.037,-140.442,11.963,-2.991
-0.440,-0.529,-0.003,-140.381,11.597,-2.502
-0.454,-0.533,0.021,-138.794,9.094,1.282
-0.439,-0.548,0.045,-142.761,5.798,5.249
-0.400,-0.568,0.067,-152.649,3.845,5.005
-0.371,-0.571,0.083,-164.185,3.113,1.221
-0.359,-0.563,0.110,-172.485,2.319,-5.310
-0.355,-0.537,0.172,-175.232,1.282,-13.794
-0.372,-0.484,0.243,-175.293,2.014,-21.301
-0.444,-0.276,0.382,-171.814,4.883,-21.362
-0.526,-0.202,0.453,-165.344,13.428,-11.841
-0.456,-0.207,0.488,-164.185,21.301,4.883
-0.385,-0.200,0.555,-172.852,21.973,24.841
-0.325,-0.255,0.624,-184.570,16.968,39.429
-0.266,-0.315,0.691,-193.298,12.024,46.143
-0.262,-0.348,0.753,-194.153,5.249,46.021
-0.269,-0.396,0.786,-186.279,2.258,41.077
-0.272,-0.442,0.785,-175.049,5.859,34.790
-0.236,-0.439,0.781,-167.480,15.930,30.212
-0.199,-0.413,0.828,-164.795,32.349,30.762
-0.113,-0.334,0.872,-167.419,52.002,35.217
-0.095,-0.012,0.948,-167.480,68.115,43.518
-0.198,0.162,1.252,-155.029,70.679,59.875
-0.071,0.161,1.518,-152.039,76.355,84.656
0.091,0.029,1.634,-167.908,90.820,99.304
0.235,-0.169,1.714,-185.425,99.426,97.961
0.365,-0.459,1.786,-191.589,90.454,82.581
0.371,-0.641,1.916,-183.899,65.247,59.387
0.290,-0.659,1.964,-168.091,36.377,33.020
0.276,-0.635,1.857,-146.545,14.221,6.592
0.137,-0.588,1.713,-126.526,3.906,-9.033
0.032,-0.553,1.528,-109.924,7.263,-13.672
-0.004,-0.465,1.333,-104.553,23.132,-12.329
0.166,-0.452,1.233,-108.887,49.622,-12.573
-0.116,-0.410,1.005,-120.728,97.168,-15.320
0.212,-0.488,0.551,-141.113,103.821,-11.353
0.063,-0.197,0.723,-150.269,75.317,19.531
0.056,0.013,1.001,-155.457,56.519,18.311
0.111,-0.085,1.315,-147.278,57.922,7.385
0.041,0.021,1.356,-150.085,62.988,15.442
-0.015,0.210,1.317,-148.254,64.331,20.935
0.092,0.178,1.082,-136.230,52.612,13.184
0.102,0.190,0.967,-114.685,2.441,15.747
0.032,0.216,1.031,-82.092,-50.598,22.095
-0.050,0.106,1.148,-54.382,-86.365,16.602
-0.131,-0.102,1.206,-38.330,-87.097,5.737
-0.322,-0.237,1.238,-37.231,-72.144,0.916
0.631,-0.594,2.387,26.794,-121.826,3.845
-0.049,0.266,2.929,88.318,-223.511,-1.160
-0.560,-0.342,2.314,18.677,-151.978,-33.142
-0.064,-0.071,1.067,-66.650,37.109,-40.527
0.030,0.155,0.285,-72.388,105.957,-19.165
0.078,0.120,0.302,-33.020,76.782,-14.221

0.123,-0.284,2.339,171.143,58.838,-41.138
0.256,-0.190,2.427,186.157,62.500,-20.081
0.374,-0.170,2.232,183.655,66.101,-18.738
0.520,-0.299,1.850,187.256,48.767,-25.574
0.484,-0.315,1.908,208.374,-0.061,-20.508
0.407,-0.285,1.907,221.008,-42.847,-14.954
0.325,-0.238,1.862,230.286,-66.040,-14.709
0.260,-0.083,1.673,236.206,-66.650,-23.193
0.189,0.061,1.549,251.953,-66.528,-28.259
0.176,0.071,1.443,275.452,-78.491,-23.376
0.151,-0.011,1.259,287.659,-82.092,-18.433
0.129,-0.058,1.080,289.124,-81.238,-18.005
0.135,-0.166,0.958,283.936,-77.026,-21.179
0.151,-0.170,0.805,269.592,-69.397,-28.564
0.128,-0.104,0.869,261.108,-66.528,-33.325
0.158,-0.067,0.786,260.803,-55.176,-34.912
0.175,-0.033,0.704,262.634,-40.588,-37.720
0.184,-0.140,0.593,260.559,-39.490,-38.147
0.157,-0.274,0.532,247.986,-50.293,-39.856
0.067,-0.260,0.514,233.093,-56.152,-47.241
0.024,-0.228,0.531,232.727,-55.176,-54.932
0.023,-0.239,0.428,240.967,-48.157,-60.608
0.004,-0.223,0.345,248.474,-39.490,-67.627
-0.027,-0.261,0.265,251.892,-34.119,-70.984
-0.126,-0.355,0.070,244.995,-31.189,-68.726
-0.272,-0.512,-0.015,230.408,-32.349,-65.674
-0.312,-0.637,-0.029,214.172,-31.860,-62.683
-0.264,-0.628,-0.002,201.172,-20.020,-60.425
-0.252,-0.626,-0.083,193.726,-5.920,-62.195
-0.246,-0.615,-0.173,189.392,-4.639,-66.772
-0.275,-0.517,-0.196,185.669,-10.315,-75.195
-0.297,-0.386,-0.290,184.692,-14.709,-84.778
-0.351,-0.287,-0.473,186.157,-22.461,-93.506
-0.449,-0.259,-0.613,187.256,-37.781,-98.999
-0.507,-0.213,-0.730,184.814,-49.072,-98.083
-0.544,-0.171,-0.962,179.504,-52.429,-95.337
-0.565,-0.164,-1.222,172.668,-63.293,-91.736
-0.559,-0.123,-1.477,167.480,-75.684,-85.938
-0.512,-0.097,-1.707,171.326,-82.947,-77.637
-0.701,-0.092,-1.892,166.077,-79.041,-59.143
-0.687,0.167,-2.161,145.020,-76.782,-38.330
-0.691,0.422,-2.305,103.638,-87.036,-30.823
-0.957,0.176,-2.177,55.176,-106.384,-40.161
-1.008,-0.212,-1.799,8.179,-119.202,-47.913
-0.908,-0.375,-1.535,-36.133,-102.417,-29.480
-0.721,-0.350,-1.298,-69.092,-68.970,-6.531
-0.623,-0.440,-1.119,-88.257,-39.612,4.517
-0.558,-0.570,-0.969,-95.520,-18.921,8.240
-0.497,-0.689,-0.821,-91.919,-1.526,11.536
-0.426,-0.726,-0.782,-88.013,18.372,13.855
-0.374,-0.758,-0.759,-89.539,31.494,13.367
-0.326,-0.740,-0.723,-95.642,35.706,11.536
-0.297,-0.718,-0.681,-106.445,30.396,9.155
-0.299,-0.693,-0.634,-117.676,17.883,5.127
-0.330,-0.656,-0.587,-122.498,6.042,1.099
-0.356,-0.598,-0.565,-121.704,3.479,-2.075
-0.368,-0.555,-0.582,-123.108,7.568,-4.456
-0.355,-0.518,-0.569,-130.432,12.756,-5.127
-0.348,-0.500,-0.541,-143.066,16.235,-5.798
-0.341,-0.507,-0.482,-157.349,18.066,-8.728
-0.323,-0.519,-0.411,-171.509,19.348,-13.611
-0.310,-0.542,-0.367,-181.763,21.912,-20.569
-0.314,-0.509,-0.247,-185.242,26.672,-29.114
-0.349,-0.365,-0.155,-182.007,38.635,-34.851
-0.398,-0.297,-0.091,-172.241,50.232,-33.508
-0.451,-0.270,-0.024,-165.649,60.059,-25.757
-0.495,-0.235,0.008,-166.809,72.571,-12.329
-0.503,-0.261,0.062,-173.523,82.703,3.296
-0.472,-0.296,0.123,-184.570,88.623,18.982
-0.433,-0.328,0.212,-195.312,91.919,30.396
-0.374,-0.377,0.284,-202.087,96.008,34.729
-0.306,-0.416,0.334,-205.322,102.478,32.532
-0.282,-0.430,0.422,-204.529,110.107,24.475
-0.265,-0.420,0.495,-197.632,121.216,15.564
-0.280,-0.423,0.531,-187.805,130.981,10.254
-0.295,-0.332,0.579,-179.993,134.277,13.184
-0.321,-0.258,0.597,-173.157,136.475,22.705
-0.313,-0.089,0.852,-171.021,134.583,39.307
-0.290,0.109,1.012,-177.917,126.770,60.242
-0.284,0.094,1.123,-186.707,113.892,83.313
-0.217,-0.050,1.294,-193.787,102.722,104.370
-0.106,-0.199,1.397,-203.369,94.360,117.615
-0.026,-0.319,1.563,-206.970,89.661,119.873
0.080,-0.487,1.725,-200.928,90.759,115.112
0.160,-0.643,1.760,-189.941,97.656,101.257
0.240,-0.783,1.677,-176.636,107.361,74.524
0.316,-0.827,1.568,-171.448,112.061,39.063
0.303,-0.820,1.463,-180.176,111.267,8.728
0.242,-0.937,1.229,-191.711,101.563,7.263
0.069,-0.925,1.458,-199.402,76.721,44.189
-0.103,-0.726,1.570,-231.812,74.951,97.900
-0.033,-0.393,1.605,-276.001,101.013,145.325
0.083,-0.134,1.632,-295.593,126.709,178.101
0.125,0.110,1.753,-286.133,141.663,193.115
0.382,0.376,1.094,-259.827,157.227,178.162
0.617,0.152,1.054,-209.045,104.980,147.949
0.241,0.277,1.159,-153.198,49.316,134.949
0.249,0.075,1.446,-130.371,16.113,104.370
0.313,0.148,1.377,-133.179,11.047,91.064
0.281,0.149,1.187,-134.583,13.184,88.135
0.322,0.078,1.162,-117.249,0.305,77.698
0.315,0.165,1.079,-88.501,-8.728,72.144
0.345,0.210,0.917,-73.792,-22.034,54.810
0.314,0.203,0.995,-50.598,-36.621,39.490
0.235,0.117,1.124,-38.208,-32.898,22.095
0.273,0.131,1.298,-31.311,-9.277,5.981
0.278,0.166,1.253,-25.757,21.973,-8.789
0.330,0.093,1.191,-13.367,41.016,-23.010
0.349,0.024,0.976,1.587,51.331,-36.682
0.327,0.054,0.519,13.977,42.114,-45.959
0.251,0.123,0.565,33.813,-12.268,-44.861
0.139,0.176,0.888,50.781,-85.083,-40.405
-0.005,0.145,0.965,52.063,-124.756,-41.321
-0.178,-0.098,1.079,53.162,-147.278,-43.518
-0.210,-0.138,1.237,50.293,-148.682,-33.997
-0.202,-0.115,1.475,46.265,-123.962,-22.644
-0.338,-0.338,1.381,42.542,-78.674,-20.630
-0.246,-0.015,1.460,13.733,-23.437,-13.977
-0.079,-0.210,1.106,-3.845,34.851,-18.982

-0.839,-0.476,-1.958,62.073,-93.689,-48.157
-0.901,-0.524,-1.866,23.254,-135.681,-36.194
-0.938,-0.544,-1.784,-9.094,-157.166,-17.090
-0.948,-0.645,-1.725,-23.621,-146.118,-0.061
-0.906,-0.756,-1.602,-34.119,-105.164,10.681
-0.808,-0.757,-1.411,-49.744,-45.776,18.127
-0.703,-0.712,-1.131,-63.171,9.094,24.353
-0.564,-0.688,-0.906,-72.571,50.171,30.457
-0.457,-0.779,-0.695,-81.543,74.036,35.217
-0.305,-0.825,-0.539,-91.492,81.787,39.917
-0.205,-0.810,-0.402,-100.769,71.350,40.771
-0.168,-0.836,-0.298,-106.384,49.683,35.217
-0.134,-0.813,-0.264,-107.788,29.968,26.794
-0.160,-0.789,-0.278,-108.826,15.137,17.212
-0.238,-0.765,-0.290,-108.948,3.113,9.033
-0.276,-0.727,-0.330,-109.558,-1.831,4.272
-0.312,-0.714,-0.359,-111.572,0.977,0.305
-0.314,-0.693,-0.389,-116.333,11.719,-3.113
-0.284,-0.690,-0.406,-126.770,26.733,-6.104
-0.242,-0.708,-0.388,-139.465,37.415,-8.057
-0.185,-0.701,-0.333,-151.489,44.556,-9.094
-0.162,-0.618,-0.256,-162.659,48.889,-11.536
-0.180,-0.503,-0.162,-169.800,50.171,-12.939
-0.193,-0.414,-0.027,-173.035,47.852,-13.367
-0.216,-0.365,0.056,-177.490,46.387,-16.052
-0.265,-0.228,0.124,-179.016,45.898,-19.348
-0.417,-0.128,0.312,-172.668,43.091,-15.686
-0.448,-0.136,0.406,-171.692,47.852,-7.446
-0.428,-0.159,0.441,-177.795,56.213,4.883
-0.371,-0.170,0.483,-184.509,56.274,17.883
-0.301,-0.258,0.574,-191.162,48.828,25.574
-0.209,-0.377,0.598,-200.195,44.067,26.428
-0.118,-0.457,0.643,-207.275,39.734,21.057
-0.051,-0.532,0.699,-209.412,36.316,9.216
0.022,-0.542,0.687,-208.069,35.828,-6.470
0.022,-0.422,0.700,-199.158,33.447,-21.851
-0.141,-0.234,0.793,-180.420,19.653,-26.733
-0.289,-0.088,0.965,-162.048,-1.587,-20.142
-0.336,0.008,1.106,-152.039,-12.939,-11.169
-0.452,0.054,1.267,-148.804,-8.606,-0.977
-0.488,0.021,1.318,-147.217,6.104,10.742
-0.395,-0.079,1.208,-151.367,28.381,16.541
-0.313,-0.196,1.125,-154.114,42.664,17.517
-0.251,-0.280,1.075,-150.208,44.922,13.000
-0.212,-0.401,1.087,-145.081,46.875,2.991
-0.154,-0.386,1.048,-142.822,53.162,-7.202
-0.081,-0.298,1.029,-136.719,57.434,-14.160
-0.014,-0.200,1.190,-120.178,57.373,-14.160
0.010,0.085,1.336,-105.286,62.073,-9.033
-0.274,0.246,1.598,-88.684,58.167,3.235
-0.459,0.246,1.999,-70.923,40.649,29.602
-0.360,0.171,2.168,-71.716,40.894,61.218
-0.150,-0.021,2.094,-89.783,58.289,80.933
0.092,-0.226,1.862,-106.873,62.866,80.566
0.205,-0.419,1.763,-109.924,35.034,66.223
0.197,-0.491,1.708,-99.915,-7.629,47.607
-0.038,-0.436,1.771,-84.778,-46.631,26.672
0.212,-0.390,1.011,-70.374,-63.965,2.502
0.018,-0.465,1.316,-52.002,-124.084,-12.390
-0.222,-0.268,1.212,-33.081,-122.009,-3.723
-0.149,-0.241,1.018,-27.222,-90.210,-9.521
-0.091,-0.251,0.853,-21.118,-49.744,-16.541
-0.132,-0.166,0.770,-18.677,-16.052,-9.521
-0.203,0.012,0.763,-23.071,8.728,2.136
-0.203,0.097,0.831,-31.555,25.818,6.592
-0.207,0.049,0.939,-41.260,34.241,10.986
-0.192,-0.020,1.078,-51.575,39.734,15.686
-0.182,-0.125,1.202,-59.998,50.720,10.986
-0.808,-0.664,3.022,-45.349,65.186,6.470
-0.231,-0.101,3.286,6.226,148.193,8.240
0.469,0.086,1.289,-12.512,215.698,-3.235
0.203,0.007,0.966,-12.817,100.586,-16.602
0.127,-0.571,0.789,35.522,12.756,-42.847
0.036,-0.439,0.422,62.805,-1.770,-21.179
0.017,-0.056,0.173,31.555,-12.329,-0.610
-0.038,-0.217,0.475,10.254,-43.518,-17.456
-0.150,-0.285,0.628,3.235,-38.330,-20.447
-0.293,-0.196,0.790,-6.714,-17.273,-5.066
-0.271,-0.210,1.045,-10.315,-1.282,2.747
-0.244,-0.186,1.405,-7.812,1.709,4.272
-0.249,-0.202,1.542,-1.221,9.155,-2.075
-0.155,-0.163,1.189,-2.625,27.161,-8.606
-0.152,-0.175,0.854,-3.540,23.315,-13.611
-0.171,-0.185,0.734,1.709,1.953,-12.207
-0.170,-0.226,0.727,3.235,-15.320,-8.972
-0.193,-0.238,0.879,3.296,-25.208,-2.563
-0.184,-0.214,0.993,1.465,-21.973,2.136
-0.167,-0.214,1.037,-0.793,-14.648,2.258
-0.175,-0.198,1.023,-1.282,-7.507,2.380
-0.150,-0.189,0.990,-3.479,-1.892,1.648
-0.121,-0.195,0.948,-6.897,0.916,-0.183
-0.104,-0.193,0.934,-9.766,-0.854,-1.038
-0.121,-0.189,0.951,-8.911,-5.310,-0.854
-0.137,-0.198,0.967,-6.287,-10.376,-0.305
-0.139,-0.228,0.963,-3.967,-14.160,0.244
-0.122,-0.222,0.951,-2.563,-15.015,1.404
-0.138,-0.193,0.961,-2.502,-12.878,1.648
-0.157,-0.170,0.984,-2.075,-7.935,1.221
-0.156,-0.170,0.991,-1.221,-1.831,0.427
-0.137,-0.177,0.978,-0.122,3.296,-0.305
-0.126,-0.184,0.965,0.854,4.944,-1.160
-0.132,-0.170,0.946,1.587,2.991,-1.953
-0.156,-0.170,0.950,1.648,-1.038,-2.197
-0.162,-0.166,0.948,0.732,-4.517,-1.587
-0.168,-0.157,0.955,-0.610,-7.202,-0.427
-0.174,-0.169,0.967,-0.732,-7.568,0.488
-0.166,-0.184,0.966,-1.221,-5.554,0.244
-0.167,-0.186,0.968,-1.709,-3.540,-0.610
-0.180,-0.190,0.960,-1.038,-2.014,-1.160
-0.177,-0.201,0.927,-1.282,-0.671,-1.099
-0.172,-0.194,0.928,-2.014,-0.916,-0.366
-0.167,-0.201,0.959,-1.526,-2.380,0.366
-0.155,-0.199,0.970,-0.488,-2.502,0.671
-0.153,-0.187,0.966,0.000,-2.686,0.671
-0.159,-0.180,0.976,0.305,-3.967,0.427
-0.165,-0.181,0.976,-0.122,-5.066,0.122
-0.161,-0.174,0.969,-0.671,-4.700,0.549
-0.151,-0.181,0.963,-1.160,-4.089,0.610
-0.143,-0.191,0.958,-1.282,-3.662,0.183

0.177,-0.309,2.368,49.194,72.449,47.302
0.239,-0.275,2.419,64.209,50.964,34.729
0.252,-0.180,2.453,88.135,26.917,26.001
0.221,-0.091,2.435,117.859,6.287,23.193
0.263,-0.023,2.242,143.372,-3.662,22.888
0.310,0.112,1.988,163.696,-12.695,17.456
0.218,0.158,1.915,183.777,-28.992,11.414
0.207,0.194,1.783,194.153,-41.992,11.719
0.233,0.240,1.657,197.388,-50.110,13.977
0.216,0.348,1.629,204.041,-57.251,15.564
0.185,0.309,1.661,215.088,-62.744,16.235
0.231,0.151,1.589,220.520,-60.913,12.573
0.308,0.099,1.402,217.407,-51.514,3.967
0.325,0.101,1.327,218.567,-51.453,-6.042
0.302,0.015,1.246,220.032,-60.791,-14.954
0.328,-0.013,1.118,220.032,-68.970,-21.667
0.262,0.121,1.061,229.065,-72.815,-26.917
0.184,0.156,0.920,246.338,-72.876,-30.090
0.147,0.056,0.761,256.836,-72.266,-27.466
0.109,-0.138,0.599,254.089,-66.223,-28.076
0.037,-0.275,0.414,242.920,-61.279,-33.447
-0.048,-0.391,0.386,239.929,-65.735,-33.997
-0.065,-0.511,0.314,238.403,-66.101,-29.724
-0.071,-0.586,0.129,234.436,-57.617,-29.175
-0.110,-0.582,0.025,238.770,-48.645,-29.602
-0.089,-0.457,-0.092,243.713,-32.166,-29.114
-0.009,-0.354,-0.336,238.342,-13.611,-32.166
-0.021,-0.360,-0.511,226.501,-14.709,-40.344
-0.127,-0.251,-0.582,217.773,-25.269,-45.532
-0.321,-0.143,-0.590,213.379,-29.602,-47.546
-0.452,-0.181,-0.768,205.444,-24.231,-49.927
-0.485,-0.232,-0.924,191.223,-17.639,-48.157
-0.529,-0.287,-1.020,173.096,-15.625,-40.283
-0.543,-0.342,-1.141,149.658,-18.372,-34.241
-0.519,-0.387,-1.235,133.179,-28.931,-30.762
-0.499,-0.408,-1.370,122.131,-43.762,-27.466
-0.455,-0.370,-1.658,106.567,-60.486,-27.954
-0.562,-0.287,-1.922,97.168,-80.322,-29.358
-0.773,-0.423,-2.087,88.501,-92.834,-35.339
-0.883,-0.514,-2.215,67.749,-79.529,-33.203
-0.915,-0.546,-2.114,34.119,-53.711,-22.278
-0.824,-0.631,-1.860,-3.174,-25.391,-8.240
-0.693,-0.679,-1.552,-33.264,2.625,5.798
-0.588,-0.722,-1.271,-55.603,25.208,15.015
-0.531,-0.772,-1.000,-73.181,36.682,19.043
-0.475,-0.815,-0.783,-83.557,41.138,23.987
-0.379,-0.847,-0.638,-90.332,41.382,29.175
-0.288,-0.890,-0.543,-94.788,35.950,31.799
-0.221,-0.937,-0.477,-98.694,26.611,30.518
-0.161,-0.970,-0.440,-100.342,18.005,25.391
-0.099,-0.974,-0.437,-101.074,13.672,17.212
-0.076,-0.895,-0.448,-101.440,11.780,7.690
-0.103,-0.767,-0.454,-103.027,12.329,-1.221
-0.157,-0.698,-0.453,-106.934,15.991,-6.531
-0.130,-0.695,-0.475,-115.723,20.752,-7.507
-0.065,-0.753,-0.491,-130.981,21.179,-8.911
-0.007,-0.765,-0.422,-147.766,15.503,-15.076
0.022,-0.751,-0.332,-159.851,10.925,-28.198
0.036,-0.586,-0.235,-165.222,14.526,-46.387
-0.073,-0.346,-0.094,-163.940,26.306,-63.965
-0.248,-0.162,-0.001,-158.936,43.701,-75.684
-0.382,-0.131,0.008,-152.771,61.462,-74.585
-0.419,0.033,0.041,-150.330,76.416,-61.646
-0.498,-0.066,0.129,-146.912,83.435,-43.274
-0.489,-0.139,0.168,-157.227,90.942,-22.095
-0.384,-0.235,0.226,-181.396,95.093,2.869
-0.273,-0.400,0.320,-210.266,89.111,21.606
-0.173,-0.491,0.420,-233.521,79.468,26.733
-0.126,-0.575,0.516,-243.103,70.374,15.991
-0.101,-0.599,0.575,-237.610,66.406,-3.967
-0.039,-0.584,0.546,-223.694,69.885,-26.978
0.025,-0.365,0.505,-202.332,77.393,-41.931
0.009,0.046,0.531,-169.617,86.426,-43.823
-0.181,0.522,0.751,-131.042,89.355,-30.579
-0.548,0.899,1.231,-110.046,77.576,0.610
-0.744,0.819,1.771,-127.502,76.782,41.870
-0.398,0.412,1.604,-200.684,88.074,74.890
0.040,0.222,1.499,-273.682,54.443,99.548
0.062,0.044,1.902,-289.795,-19.287,108.459
0.075,-0.168,2.191,-264.221,-59.265,94.055
0.184,-0.293,2.292,-206.848,-39.246,69.824
0.354,-0.415,2.132,-140.686,21.790,41.870
0.510,-0.483,1.762,-93.140,84.839,14.648
0.510,-0.439,1.479,-66.345,116.028,-3.906
0.387,-0.234,1.433,-53.162,120.422,-8.118
0.177,0.044,1.605,-56.763,115.112,2.502
0.076,0.058,1.745,-85.632,105.835,15.259
0.337,0.016,1.743,-122.681,78.064,26.855
0.092,-0.034,1.544,-136.719,33.325,24.841
-0.101,-0.340,2.072,-122.009,-58.411,-1.160
-0.488,-0.361,2.141,-86.182,-97.290,-3.967
-0.432,-0.217,1.899,-61.157,-93.933,2.380
-0.349,-0.192,1.421,-28.564,-78.186,1.648
-0.313,-0.189,1.173,-3.479,-72.998,5.981
-0.257,-0.116,0.985,9.399,-59.143,13.306
-0.151,-0.149,0.859,8.118,-34.180,10.620
-0.019,-0.240,0.827,-2.502,-7.874,4.517
0.047,-0.294,0.852,-16.724,13.916,2.563
0.050,-0.242,0.995,-31.006,30.029,2.563
0.058,-0.215,1.104,-42.969,52.429,-3.906
0.025,-0.219,1.159,-48.035,70.923,-11.841
-0.006,-0.203,1.138,-45.105,80.200,-16.663
-0.009,-0.169,1.084,-40.527,83.496,-21.851
-0.033,-0.137,1.000,-34.912,76.233,-25.330
-0.119,-0.047,0.919,-32.227,64.941,-24.475
-0.114,-0.092,0.763,-37.598,44.006,-22.400
-0.147,-0.017,0.718,-39.856,0.916,-10.620
-0.217,-0.130,0.916,-40.466,-37.781,-10.620
-0.301,-0.226,1.083,-36.804,-48.584,-12.512
-0.417,-0.548,1.509,-29.541,-37.170,-6.409
-0.048,-0.359,1.828,-8.545,-36.621,12.390
-0.050,-0.074,1.817,0.977,-38.269,16.174
-0.107,-0.121,1.346,-9.094,-12.634,1.099
-0.029,-0.114,0.879,-16.663,26.611,-11.353
0.016,-0.063,0.749,-4.761,28.015,-7.629
0.020,-0.050,0.691,3.174,11.169,-1.160
0.012,-0.153,0.729,1.709,-0.061,-2.136
0.023,-0.193,0.768,-4.639,-0.732,-4.150
0.042,-0.211,0.853,-8.118,-3.357,-4.272

0.253,-0.257,2.321,72.205,50.781,39.429
0.291,-0.200,2.398,86.548,39.246,31.128
0.289,-0.159,2.363,103.027,29.480,20.508
0.357,-0.074,2.170,123.901,19.470,10.437
0.339,-0.026,2.030,153.381,0.488,4.211
0.274,-0.040,1.920,177.063,-27.588,-4.089
0.202,0.087,1.768,194.275,-44.067,-12.756
0.126,0.068,1.639,214.600,-55.237,-17.395
0.108,0.015,1.454,226.807,-62.561,-19.226
0.109,-0.013,1.309,231.689,-66.833,-21.423
0.082,-0.056,1.282,231.934,-66.406,-23.865
0.073,-0.044,1.189,223.511,-60.913,-24.475
0.076,-0.115,1.158,212.219,-59.387,-23.315
0.099,-0.045,1.148,205.017,-61.340,-19.409
0.097,0.148,1.158,210.144,-59.631,-17.395
0.123,0.016,1.131,225.525,-53.040,-17.517
0.209,-0.190,0.990,226.501,-44.800,-20.020
0.267,-0.243,0.825,214.661,-43.152,-26.550
0.209,-0.107,0.817,213.562,-51.575,-35.461
0.098,-0.039,0.807,221.436,-53.101,-42.480
0.042,0.031,0.733,227.295,-43.823,-42.725
0.050,-0.062,0.704,231.079,-35.034,-36.560
0.137,-0.252,0.640,222.168,-28.992,-32.776
0.186,-0.293,0.555,206.177,-28.870,-40.955
0.068,-0.180,0.574,205.383,-38.696,-54.688
-0.020,-0.187,0.531,217.407,-50.659,-61.951
-0.063,-0.233,0.280,224.609,-51.758,-65.186
-0.110,-0.239,-0.021,229.187,-46.448,-67.810
-0.196,-0.257,-0.238,228.699,-47.546,-70.313
-0.283,-0.297,-0.428,220.337,-51.758,-69.092
-0.350,-0.325,-0.577,208.069,-55.725,-64.575
-0.402,-0.307,-0.720,196.167,-58.960,-60.242
-0.471,-0.306,-0.847,190.308,-59.326,-55.176
-0.530,-0.365,-1.009,186.279,-54.810,-47.852
-0.536,-0.446,-1.206,174.805,-47.913,-44.189
-0.549,-0.510,-1.360,157.654,-48.157,-43.762
-0.561,-0.524,-1.520,139.221,-58.228,-46.143
-0.596,-0.507,-1.653,121.460,-78.003,-49.866
-0.655,-0.469,-1.820,101.196,-106.445,-50.049
-0.711,-0.466,-1.933,73.364,-141.479,-45.593
-0.797,-0.414,-1.944,40.527,-174.805,-36.377
-0.850,-0.417,-1.992,16.846,-181.580,-22.278
-0.830,-0.492,-2.004,2.808,-151.794,-9.094
-0.775,-0.600,-1.896,-16.357,-99.304,-0.671
-0.697,-0.649,-1.650,-41.748,-43.091,7.385
-0.583,-0.660,-1.355,-64.209,3.662,15.930
-0.471,-0.716,-1.120,-77.698,37.415,21.362
-0.359,-0.755,-0.931,-84.351,59.448,22.278
-0.275,-0.760,-0.796,-90.393,69.031,19.348
-0.227,-0.763,-0.707,-96.924,62.317,15.625
-0.196,-0.760,-0.616,-102.722,44.922,11.658
-0.172,-0.744,-0.582,-106.873,30.518,5.554
-0.153,-0.734,-0.586,-109.802,23.376,-2.502
-0.153,-0.681,-0.604,-113.708,19.531,-11.414
-0.185,-0.672,-0.641,-120.911,15.747,-18.799
-0.194,-0.656,-0.657,-131.470,13.184,-22.339
-0.184,-0.650,-0.635,-143.250,16.663,-25.269
-0.184,-0.538,-0.574,-154.114,29.114,-30.701
-0.211,-0.460,-0.520,-161.499,45.410,-35.522
-0.219,-0.432,-0.473,-168.640,58.838,-36.560
-0.206,-0.426,-0.374,-176.392,67.566,-35.950
-0.179,-0.445,-0.282,-183.350,74.768,-38.391
-0.147,-0.408,-0.205,-186.157,81.970,-45.044
-0.174,-0.301,-0.128,-183.289,88.135,-53.406
-0.289,-0.112,-0.047,-178.162,90.393,-58.472
-0.422,0.049,0.035,-174.377,87.830,-53.467
-0.513,0.164,0.110,-172.424,85.205,-36.011
-0.512,0.161,0.190,-177.185,83.008,-10.742
-0.414,0.051,0.248,-199.280,86.182,12.756
-0.199,-0.020,0.382,-228.210,96.497,27.771
-0.036,-0.132,0.533,-251.770,110.046,26.978
-0.078,-0.167,0.586,-264.099,121.582,10.803
-0.147,0.046,0.756,-252.441,125.854,-1.282
-0.218,0.299,1.031,-231.506,121.948,1.282
-0.238,0.549,1.298,-217.773,120.300,14.343
-0.260,0.813,1.726,-194.946,117.126,36.682
-0.305,0.588,2.332,-172.852,112.122,61.707
-0.082,0.226,2.392,-174.988,133.545,79.285
0.271,0.068,2.060,-186.890,151.733,84.351
0.354,0.022,2.042,-184.814,109.375,76.111
0.278,-0.098,2.307,-165.833,39.001,65.552
0.255,-0.172,2.453,-149.170,-1.892,54.504
0.305,-0.263,2.367,-129.272,-3.052,38.208
0.367,-0.444,2.180,-99.243,9.460,20.569
0.403,-0.612,1.877,-75.256,29.053,3.601
0.300,-0.667,1.679,-64.941,42.969,-14.099
-0.282,-0.522,1.835,-64.087,44.312,-33.508
0.303,-0.321,1.099,-66.284,57.861,-46.082
-0.261,-0.452,2.072,-62.439,-14.893,-39.063
-0.307,-0.102,2.063,-56.885,-4.822,-15.442
-0.000,0.188,2.138,-60.974,20.325,-22.888
-0.238,-0.142,1.728,-32.776,43.762,-56.519
-0.431,-0.270,1.429,-22.949,34.485,-57.678
-0.293,-0.143,1.243,-22.095,-2.502,-28.992
-0.183,-0.221,1.076,-14.099,-38.879,-19.043
-0.196,-0.267,0.932,-3.845,-63.904,-14.832
-0.180,-0.273,0.814,5.005,-72.327,-8.362
-0.111,-0.316,0.690,9.827,-55.908,-6.042
-0.069,-0.311,0.536,8.606,-30.029,-3.357
-0.036,-0.289,0.471,1.587,-6.287,-5.432
-0.036,-0.318,0.522,-9.460,10.681,-9.521
-0.037,-0.325,0.562,-21.240,25.024,-11.353
-0.011,-0.287,0.561,-30.884,34.668,-14.099
-0.019,-0.224,0.627,-34.851,31.006,-18.311
-0.092,-0.182,0.692,-36.926,19.653,-22.156
-0.171,-0.174,0.732,-40.100,6.409,-22.949
-0.232,-0.166,0.765,-44.250,-4.639,-19.592
-0.280,-0.166,0.804,-46.753,-12.573,-14.404
-0.351,-0.150,0.857,-49.133,-15.625,-10.681
-0.306,-0.172,0.788,-53.467,-20.447,-11.108
-0.416,-0.168,0.942,-54.138,-38.269,-6.653
-0.453,-0.116,1.069,-55.481,-30.701,-1.892
-0.483,-0.116,1.142,-54.688,-1.038,-1.770
-0.893,-0.488,1.649,-49.988,32.898,4.517
-0.391,-0.174,2.714,-25.879,32.776,33.813
0.012,0.220,2.558,-2.197,35.583,39.063
0.042,0.039,1.614,3.235,36.621,8.911
0.056,-0.277,0.891,6.042,21.179,-12.512
0.088,-0.284,0.588,16.541,-6.836,-9.949

0.108,-0.235,2.308,94.116,47.485,41.748
0.157,-0.251,2.396,108.704,43.945,37.659
0.201,-0.214,2.385,119.751,37.048,33.875
0.255,-0.198,2.289,132.080,25.146,24.719
0.295,-0.162,2.165,148.926,6.165,12.390
0.283,-0.133,2.089,170.288,-11.414,1.404
0.243,0.008,1.931,189.941,-19.043,-5.310
0.211,0.148,1.778,207.703,-24.780,-11.230
0.205,0.138,1.658,219.055,-41.199,-13.916
0.187,0.108,1.520,219.116,-60.120,-14.221
0.190,0.062,1.391,219.482,-74.280,-13.550
0.189,-0.025,1.314,224.304,-82.153,-14.526
0.222,-0.133,1.170,228.882,-74.890,-19.409
0.240,0.004,1.144,230.713,-61.829,-24.353
0.216,0.040,1.120,230.164,-52.917,-27.344
0.198,0.078,1.042,225.525,-49.744,-28.748
0.162,-0.012,1.039,225.769,-57.495,-25.513
0.219,-0.160,0.882,223.633,-67.993,-23.865
0.264,-0.162,0.729,218.262,-77.454,-28.992
0.226,-0.085,0.718,218.872,-89.661,-37.720
0.119,-0.002,0.641,224.548,-89.844,-45.105
0.027,0.082,0.560,233.582,-79.712,-46.082
-0.009,0.013,0.488,241.394,-67.078,-41.260
0.020,-0.082,0.272,236.938,-55.664,-39.612
-0.012,-0.151,0.198,223.511,-58.105,-43.396
-0.064,-0.180,0.148,215.576,-67.505,-46.448
-0.169,-0.202,0.082,212.158,-71.655,-50.049
-0.239,-0.242,-0.072,216.370,-67.871,-52.979
-0.281,-0.295,-0.280,219.727,-62.744,-55.359
-0.344,-0.371,-0.401,215.454,-60.120,-57.068
-0.403,-0.337,-0.587,208.374,-56.824,-55.847
-0.467,-0.382,-0.720,200.623,-59.082,-54.138
-0.501,-0.390,-0.952,194.885,-63.721,-52.063
-0.594,-0.341,-1.127,184.692,-67.139,-49.316
-0.723,-0.261,-1.349,172.180,-67.871,-44.739
-0.793,-0.252,-1.606,159.485,-71.472,-41.138
-0.821,-0.257,-1.847,145.203,-86.609,-39.734
-0.800,-0.283,-2.135,127.502,-109.253,-35.828
-0.729,-0.192,-2.263,101.868,-137.878,-30.029
-0.747,-0.116,-2.407,62.988,-163.086,-24.719
-0.825,-0.254,-2.425,21.423,-178.772,-22.766
-0.954,-0.370,-2.221,-14.343,-172.852,-16.724
-0.915,-0.493,-1.955,-47.852,-133.911,-4.089
-0.774,-0.609,-1.656,-65.918,-72.998,11.536
-0.564,-0.696,-1.421,-70.984,-3.357,25.146
-0.433,-0.758,-1.128,-81.665,50.781,29.907
-0.321,-0.790,-0.865,-93.079,86.426,29.724
-0.239,-0.813,-0.639,-101.074,104.919,28.381
-0.143,-0.782,-0.501,-104.248,108.765,24.597
-0.169,-0.778,-0.361,-105.774,97.534,16.968
-0.168,-0.755,-0.314,-104.492,80.200,11.475
-0.183,-0.727,-0.328,-105.408,61.035,7.507
-0.202,-0.708,-0.325,-109.924,41.565,2.747
-0.233,-0.682,-0.344,-115.356,26.306,-1.831
-0.238,-0.644,-0.349,-119.080,16.724,-5.554
-0.240,-0.653,-0.360,-125.366,14.832,-11.169
-0.244,-0.692,-0.359,-133.301,21.484,-18.616
-0.218,-0.708,-0.340,-139.709,33.081,-27.344
-0.202,-0.730,-0.313,-142.822,48.279,-39.124
-0.187,-0.697,-0.266,-144.287,67.200,-53.772
-0.192,-0.585,-0.192,-144.958,88.745,-68.115
-0.235,-0.347,-0.086,-143.982,107.056,-77.087
-0.417,-0.152,0.004,-140.015,117.676,-77.271
-0.582,-0.057,0.044,-140.503,118.042,-62.378
-0.657,0.051,0.103,-152.710,111.084,-32.898
-0.693,0.046,0.255,-172.668,100.952,-0.305
-0.633,-0.096,0.382,-195.068,93.994,26.001
-0.499,-0.235,0.457,-207.703,91.980,41.626
-0.389,-0.391,0.560,-209.290,91.003,43.701
-0.293,-0.520,0.620,-204.163,95.276,35.583
-0.203,-0.616,0.658,-195.374,104.553,20.813
-0.169,-0.611,0.671,-183.044,116.028,4.883
-0.204,-0.458,0.699,-165.283,125.061,-3.357
-0.187,-0.256,0.725,-147.095,128.845,-3.845
-0.249,0.024,0.805,-128.357,125.854,2.686
-0.364,0.234,0.987,-107.910,113.647,26.917
-0.325,0.199,1.197,-113.525,93.933,54.871
-0.196,0.063,1.350,-142.639,81.787,74.097
-0.108,-0.064,1.508,-167.542,66.711,92.102
0.030,-0.229,1.655,-185.364,37.903,96.375
0.129,-0.433,1.836,-189.758,8.362,83.191
0.177,-0.553,1.889,-176.147,-11.047,61.401
0.187,-0.580,1.795,-145.813,-18.372,37.598
0.183,-0.611,1.615,-107.666,-12.085,13.550
0.161,-0.600,1.416,-74.646,6.226,-6.836
0.126,-0.520,1.217,-47.791,34.485,-20.630
0.089,-0.351,1.024,-27.283,62.561,-29.785
0.008,-0.184,0.929,-16.663,83.069,-37.598
-0.090,0.021,0.901,-13.611,96.191,-37.903
-0.201,0.171,0.939,-14.282,94.971,-26.733
-0.265,0.066,1.094,-19.348,83.618,-9.277
-0.152,-0.162,1.188,-35.156,80.200,11.658
0.030,-0.237,1.127,-57.922,81.116,31.311
0.116,-0.336,1.116,-79.102,71.594,31.067
0.128,-0.553,1.109,-89.111,50.537,18.005
0.131,-0.517,1.218,-89.600,24.353,11.841
0.177,-0.429,0.729,-82.642,11.475,2.075
0.055,-0.558,1.129,-75.928,-49.011,-17.883
-0.132,-0.504,1.401,-55.786,-57.251,-18.433
-0.104,-0.331,1.241,-51.758,-8.545,-20.203
-0.050,-0.231,1.063,-48.828,28.748,-29.358
-0.211,-0.152,1.293,-47.974,29.602,-24.170
-0.257,-0.015,1.184,-60.364,28.259,-9.766
-0.968,-0.727,2.487,-69.458,2.075,5.615
-0.272,-1.003,3.793,-26.611,19.409,42.114
0.631,-0.130,2.422,2.136,109.497,67.810
0.452,-0.091,1.529,-2.930,104.065,35.828
0.465,-0.458,0.829,-22.705,54.810,-16.113
0.299,-0.681,0.858,-2.380,-23.926,-32.593
0.293,-0.348,0.652,12.329,-57.495,-12.207
0.126,-0.255,0.521,3.601,-76.904,-13.367
0.029,-0.261,0.396,2.563,-88.928,-21.545
-0.047,-0.326,0.297,4.395,-88.135,-22.522
-0.119,-0.342,0.281,0.183,-79.346,-16.113
-0.262,-0.281,0.495,-8.423,-59.875,-10.071
-0.368,-0.254,0.879,-13.184,-23.560,-9.644
-0.409,-0.278,1.214,-15.320,21.362,-8.789
-0.371,-0.240,1.295,-17.639,63.904,-2.869
-0.259,-0.238,1.357,-17.029,76.660,0.610

0.092,-0.359,2.355,70.190,44.495,53.406
0.153,-0.384,2.443,88.074,52.124,50.964
0.262,-0.408,2.414,104.980,56.641,44.434
0.381,-0.414,2.295,121.155,50.598,32.654
0.411,-0.441,2.116,132.507,30.396,15.686
0.393,-0.342,1.998,141.296,-2.075,-0.366
0.297,-0.123,1.996,152.222,-37.903,-8.545
0.219,-0.091,1.942,160.278,-67.322,-11.047
0.226,-0.099,1.758,162.964,-82.703,-11.108
0.243,0.024,1.607,173.340,-89.172,-11.475
0.238,0.105,1.571,195.251,-88.501,-12.024
0.251,0.041,1.448,209.229,-78.674,-11.963
0.297,-0.023,1.285,209.778,-63.110,-12.268
0.364,0.010,1.228,206.848,-52.307,-14.343
0.373,-0.057,1.202,201.233,-48.035,-18.372
0.374,-0.092,1.071,195.435,-48.157,-25.024
0.329,-0.092,0.971,202.576,-55.542,-32.715
0.284,-0.067,0.795,220.581,-62.134,-41.138
0.262,0.082,0.599,237.183,-63.049,-48.706
0.168,0.033,0.569,242.615,-67.505,-54.871
0.119,-0.111,0.392,231.567,-61.157,-60.852
0.085,-0.175,0.277,216.003,-50.537,-65.979
0.020,-0.149,0.216,206.360,-42.847,-71.045
-0.056,-0.078,0.182,203.491,-38.635,-75.073
-0.127,-0.094,0.120,204.346,-35.461,-74.585
-0.194,-0.082,0.029,200.806,-31.128,-72.449
-0.283,-0.135,-0.074,198.364,-28.320,-68.420
-0.290,-0.194,-0.196,195.190,-26.794,-64.148
-0.272,-0.252,-0.243,188.171,-25.879,-65.857
-0.344,-0.305,-0.315,180.054,-24.841,-70.129
-0.432,-0.292,-0.455,176.025,-22.888,-72.388
-0.538,-0.322,-0.526,175.232,-26.123,-73.364
-0.615,-0.314,-0.661,171.021,-26.367,-73.425
-0.703,-0.292,-0.774,165.710,-26.855,-69.763
-0.776,-0.382,-1.009,158.264,-30.212,-66.528
-0.826,-0.439,-1.215,145.508,-39.978,-62.073
-0.915,-0.463,-1.346,126.221,-56.091,-59.448
-1.029,-0.397,-1.480,106.628,-72.388,-55.786
-1.150,-0.298,-1.587,88.440,-91.736,-49.500
-1.242,-0.264,-1.645,68.298,-113.892,-38.696
-1.308,-0.250,-1.653,39.185,-133.118,-19.409
-1.290,-0.387,-1.590,4.883,-148.865,1.221
-1.188,-0.519,-1.447,-18.005,-146.973,22.827
-1.041,-0.627,-1.277,-25.269,-114.075,39.246
-0.858,-0.710,-1.134,-25.696,-56.885,45.715
-0.669,-0.782,-1.028,-27.710,3.296,45.959
-0.497,-0.866,-0.895,-37.842,44.067,44.739
-0.368,-0.911,-0.686,-54.749,63.660,42.053
-0.259,-0.910,-0.496,-71.289,70.618,37.720
-0.174,-0.910,-0.405,-79.773,67.322,31.311
-0.155,-0.908,-0.370,-81.055,52.673,23.010
-0.163,-0.908,-0.419,-79.163,33.569,14.404
-0.210,-0.876,-0.471,-80.994,13.184,6.653
-0.285,-0.829,-0.504,-87.341,-4.944,0.061
-0.347,-0.764,-0.531,-93.933,-18.127,-3.723
-0.411,-0.698,-0.547,-98.694,-23.315,-7.202
-0.438,-0.656,-0.576,-103.638,-20.691,-9.521
-0.420,-0.623,-0.598,-110.107,-15.015,-9.949
-0.390,-0.638,-0.576,-119.995,-9.583,-12.573
-0.347,-0.645,-0.543,-132.935,-3.418,-18.188
-0.301,-0.630,-0.478,-145.691,2.625,-26.550
-0.231,-0.615,-0.433,-153.748,9.399,-37.109
-0.162,-0.615,-0.383,-157.715,18.372,-50.232
-0.091,-0.583,-0.365,-159.058,30.457,-64.575
-0.070,-0.490,-0.330,-160.706,41.443,-77.271
-0.087,-0.331,-0.252,-156.738,48.462,-84.534
-0.010,-0.287,-0.088,-147.949,55.481,-78.491
0.038,-0.284,0.066,-141.602,70.862,-37.109
-0.359,0.142,0.131,-132.263,97.778,44.556
-0.717,0.335,0.051,-128.418,120.117,101.196
-0.839,0.425,0.016,-149.048,123.718,96.436
-0.548,0.212,0.154,-181.152,112.671,57.068
-0.383,0.075,0.362,-213.013,90.637,41.870
-0.386,0.089,0.678,-235.596,70.251,55.603
-0.328,0.002,0.967,-236.877,74.768,62.256
-0.179,-0.118,1.106,-228.882,106.750,58.777
0.019,-0.250,1.124,-223.694,145.386,45.898
0.070,-0.193,1.095,-220.337,164.917,29.236
-0.031,0.133,1.247,-207.581,145.020,25.085
-0.156,0.330,1.596,-185.913,86.609,41.809
-0.144,0.275,1.890,-183.594,24.109,57.556
-0.091,0.219,2.064,-192.627,-8.667,70.068
-0.053,0.141,2.089,-197.449,-14.526,80.750
0.090,-0.012,1.973,-195.190,-11.169,81.299
0.198,-0.210,1.850,-185.669,-7.812,69.824
0.211,-0.297,1.826,-164.612,-1.770,51.880
0.173,-0.360,1.856,-137.207,15.808,28.625
0.116,-0.450,1.851,-114.380,47.485,3.418
0.079,-0.483,1.784,-96.497,82.581,-16.418
0.041,-0.398,1.659,-82.520,113.037,-28.687
0.031,-0.387,1.556,-74.158,126.038,-36.560
-0.025,-0.229,1.532,-73.547,124.512,-37.720
-0.388,0.035,1.710,-75.500,109.680,-33.569
-0.009,-0.057,0.902,-80.566,68.481,-36.011
-0.317,-0.183,1.695,-77.637,-33.936,-20.996
-0.396,-0.011,1.540,-78.552,-52.185,-0.305
-0.287,-0.213,1.514,-76.172,-53.406,3.235
-0.149,-0.255,1.200,-71.045,-41.382,16.663
-0.143,-0.215,1.159,-59.937,-53.833,26.978
-0.128,-0.213,1.161,-46.753,-55.481,23.987
-0.088,-0.284,1.145,-38.940,-43.762,14.893
-0.088,-0.223,1.069,-32.532,-26.550,12.146
-0.056,-0.217,1.064,-30.151,-11.108,6.775
-0.067,-0.127,1.044,-26.672,3.235,0.916
-0.273,-0.436,1.374,-28.625,5.920,-4.700
-0.209,-0.261,1.982,-18.982,-16.541,1.831
-0.069,-0.161,2.032,-2.991,-11.597,5.371
0.032,-0.216,1.590,2.380,16.663,-6.348
-0.030,-0.170,1.164,3.052,30.640,-13.306
-0.079,-0.168,0.988,-1.526,19.470,-13.916
-0.047,-0.147,0.849,0.183,2.625,-6.958
-0.012,-0.132,0.760,4.517,-11.536,-2.075
-0.033,-0.168,0.709,6.531,-18.677,-2.991
-0.036,-0.206,0.695,2.625,-15.381,-5.920
-0.077,-0.213,0.761,-0.549,-8.606,-7.935
-0.140,-0.208,0.877,-2.014,-2.075,-10.315
-0.182,-0.218,0.967,-2.625,3.723,-12.756
-0.211,-0.238,1.049,-2.563,5.920,-13.794
-0.209,-0.220,1.071,-2.014,4.883,-13.123

0.085,-0.310,2.218,37.109,71.594,80.994
0.205,-0.329,2.372,53.772,70.618,74.402
0.255,-0.329,2.531,78.979,57.373,60.913
0.257,-0.229,2.578,109.680,49.011,47.241
0.260,-0.148,2.577,141.235,45.593,35.217
0.318,-0.118,2.478,163.025,43.457,25.085
0.366,-0.113,2.303,175.354,40.833,12.512
0.362,-0.076,2.123,192.139,37.903,-0.183
0.337,0.058,1.917,210.815,33.447,-9.277
0.310,0.089,1.740,226.929,22.278,-14.893
0.321,0.084,1.596,237.183,7.263,-18.250
0.385,0.059,1.394,241.455,-5.249,-22.400
0.393,0.083,1.229,244.690,-16.235,-30.212
0.349,0.158,1.093,252.441,-23.010,-40.283
0.303,0.076,1.001,260.010,-30.884,-48.462
0.304,0.064,0.900,258.850,-34.546,-54.199
0.295,0.056,0.839,253.296,-30.029,-57.190
0.262,-0.005,0.800,240.417,-32.776,-57.190
0.264,-0.169,0.728,225.830,-46.631,-55.237
0.276,-0.186,0.660,221.985,-57.983,-53.101
0.266,-0.179,0.560,226.074,-63.843,-58.533
0.187,-0.069,0.476,226.501,-63.782,-69.336
0.077,-0.031,0.447,222.900,-64.636,-74.524
0.016,-0.107,0.441,217.468,-69.458,-69.946
-0.013,-0.110,0.415,210.876,-66.528,-65.613
-0.007,-0.169,0.242,211.914,-52.490,-69.153
-0.035,-0.226,0.132,211.121,-43.701,-75.684
-0.106,-0.176,0.010,203.003,-40.161,-80.322
-0.216,-0.115,-0.010,196.655,-41.565,-79.102
-0.266,-0.176,0.024,194.214,-41.870,-71.777
-0.212,-0.306,-0.095,185.120,-32.532,-70.313
-0.231,-0.385,-0.183,175.354,-25.940,-76.355
-0.335,-0.352,-0.138,174.622,-28.259,-79.590
-0.384,-0.372,-0.168,176.086,-29.053,-78.979
-0.402,-0.412,-0.382,179.443,-23.743,-79.651
-0.449,-0.447,-0.630,185.425,-21.545,-83.496
-0.538,-0.426,-0.865,188.354,-29.053,-88.379
-0.643,-0.320,-1.103,184.692,-43.030,-91.064
-0.788,-0.239,-1.383,177.612,-64.514,-94.055
-0.906,-0.227,-1.718,171.448,-91.736,-95.032
-1.027,-0.190,-2.011,158.203,-124.023,-90.759
-1.127,-0.173,-2.196,128.479,-156.372,-80.139
-1.192,-0.124,-2.232,86.609,-181.396,-60.059
-1.238,-0.172,-2.159,47.302,-182.617,-33.875
-1.218,-0.300,-2.003,15.930,-147.278,-8.484
-1.093,-0.449,-1.775,-16.785,-82.092,12.268
-0.873,-0.504,-1.496,-45.776,-12.573,32.776
-0.687,-0.560,-1.165,-62.500,39.063,49.377
-0.522,-0.685,-0.911,-75.867,72.266,57.556
-0.379,-0.789,-0.668,-87.952,86.365,61.279
-0.259,-0.839,-0.485,-97.412,86.182,60.974
-0.195,-0.862,-0.361,-101.929,74.463,53.040
-0.181,-0.881,-0.314,-99.854,57.068,40.344
-0.193,-0.867,-0.347,-94.971,37.231,27.466
-0.234,-0.851,-0.405,-94.360,15.137,15.198
-0.275,-0.823,-0.475,-98.999,-6.409,5.249
-0.328,-0.718,-0.489,-106.995,-23.682,-1.282
-0.400,-0.592,-0.476,-115.906,-32.593,-4.639
-0.443,-0.543,-0.476,-123.901,-32.349,-3.418
-0.451,-0.544,-0.453,-132.507,-24.536,0.793
-0.405,-0.539,-0.406,-142.761,-10.132,4.028
-0.374,-0.553,-0.333,-153.259,6.897,4.150
-0.336,-0.597,-0.281,-161.438,24.658,0.793
-0.310,-0.573,-0.214,-166.443,40.894,-3.601
-0.293,-0.526,-0.135,-169.373,56.519,-8.911
-0.293,-0.416,-0.047,-171.448,70.068,-13.306
-0.361,-0.239,0.099,-169.800,79.468,-13.062
-0.414,-0.256,0.155,-165.161,84.778,-5.310
-0.394,-0.310,0.183,-163.513,83.435,8.606
-0.324,-0.373,0.201,-168.945,74.463,20.630
-0.268,-0.407,0.231,-178.284,59.875,24.963
-0.270,-0.389,0.306,-187.073,45.593,22.400
-0.319,-0.360,0.376,-190.735,40.833,17.151
-0.321,-0.362,0.411,-190.735,47.119,13.062
-0.312,-0.386,0.462,-190.979,56.519,9.094
-0.291,-0.386,0.507,-192.627,68.420,3.784
-0.259,-0.375,0.583,-192.383,81.360,-0.977
-0.230,-0.340,0.654,-189.514,96.008,-3.845
-0.220,-0.175,0.730,-185.913,110.229,-2.991
-0.255,0.008,0.882,-181.152,117.310,5.798
-0.271,0.034,0.992,-177.246,112.366,25.696
-0.214,-0.032,1.052,-180.603,93.872,49.194
-0.133,-0.113,1.124,-186.157,68.970,65.063
-0.042,-0.197,1.208,-188.049,46.692,70.496
0.012,-0.211,1.233,-184.509,36.133,68.909
0.086,-0.203,1.245,-173.523,38.147,61.707
0.124,-0.207,1.320,-159.546,50.964,53.040
0.206,-0.289,1.373,-149.780,74.768,44.495
0.225,-0.413,1.363,-150.208,101.990,35.645
0.231,-0.539,1.378,-157.104,126.709,28.748
0.321,-0.500,1.428,-168.762,149.536,30.518
0.392,-0.371,1.606,-180.847,170.044,35.889
0.439,-0.276,1.714,-192.383,194.214,41.016
0.453,-0.207,1.782,-198.303,205.383,47.791
0.659,-0.201,1.914,-197.815,201.965,52.856
0.452,0.066,1.925,-195.190,220.764,52.063
0.552,0.501,1.342,-194.580,166.138,28.015
0.834,0.092,1.350,-146.118,83.191,15.320
0.532,0.005,1.522,-98.389,12.390,22.461
0.331,-0.127,1.792,-77.271,-11.169,27.100
0.156,-0.091,1.612,-78.125,4.883,18.738
0.363,-0.189,1.396,-85.938,1.587,4.272
0.486,-0.266,1.287,-84.778,-29.297,5.798
0.474,-0.283,1.478,-82.336,-72.083,27.161
0.186,-0.148,1.507,-85.815,-87.341,49.316
0.034,0.021,1.526,-88.257,-91.431,45.532
0.052,0.038,1.573,-86.792,-65.063,46.448
0.152,0.042,1.512,-76.111,-25.940,43.335
0.051,0.143,1.404,-50.842,7.568,34.851
0.045,0.111,1.266,-29.236,44.861,31.250
0.103,0.049,1.063,-14.893,76.538,27.710
0.113,-0.029,0.849,-14.038,97.656,20.691
0.132,-0.088,0.718,-18.066,111.145,16.785
0.157,-0.112,0.658,-25.085,112.976,15.137
0.181,-0.110,0.636,-32.166,104.370,13.123
0.241,-0.101,0.662,-39.063,90.942,10.925
0.292,-0.090,0.706,-44.617,71.899,8.850
0.306,-0.090,0.752,-48.096,51.147,9.521
0.244,-0.101,0.761,-53.162,31.494,13.611