aX,aY,aZ,gX,gY,gZ
-0.104,-0.477,0.922,5.310,-70.740,-48.584
-0.146,-0.470,0.873,-4.578,0.977,-8.057
-0.159,-0.480,0.867,-5.066,12.085,0.916
-0.110,-0.476,0.846,-4.028,8.606,-0.366
-0.086,-0.454,0.847,-3.113,6.226,0.061
-0.079,-0.475,0.848,0.000,2.808,-0.366
-0.094,-0.460,0.862,1.282,-0.427,-1.587
-0.104,-0.458,0.862,1.282,-0.916,-1.587
-0.117,-0.470,0.865,2.625,-0.488,-1.831
-0.129,-0.473,0.857,2.930,-0.244,-1.648
-0.117,-0.465,0.845,3.357,-1.160,-1.343
-0.127,-0.464,0.853,3.540,-3.967,-1.099
-0.146,-0.471,0.864,2.991,-7.202,-1.038
-0.144,-0.465,0.872,2.136,-7.935,-0.610
-0.134,-0.473,0.875,2.136,-6.409,-0.061
-0.125,-0.467,0.865,2.197,-4.089,-0.122
-0.115,-0.469,0.859,2.380,-1.892,-0.183
-0.116,-0.471,0.862,2.197,-0.916,-0.305
-0.110,-0.471,0.858,1.526,-0.671,-0.610
-0.114,-0.469,0.859,0.916,-0.854,-0.916
-0.117,-0.467,0.853,0.122,-0.671,-1.160
-0.127,-0.461,0.847,-0.854,-0.610,-1.465
-0.142,-0.458,0.827,-1.160,-0.366,-1.160
-0.142,-0.456,0.827,-0.366,-0.793,-0.732
-0.142,-0.463,0.843,-0.061,-1.526,-0.183
-0.148,-0.467,0.866,-0.366,-2.441,0.305
-0.141,-0.474,0.868,-0.793,-2.197,0.916
-0.120,-0.469,0.874,-0.854,-1.221,1.282
-0.121,-0.476,0.884,-0.732,-0.671,1.160
-0.110,-0.467,0.868,-0.732,0.427,1.038
-0.106,-0.460,0.863,0.000,0.549,0.427
-0.113,-0.465,0.865,0.671,0.183,0.000
-0.123,-0.465,0.865,0.366,0.610,-0.244
-0.120,-0.464,0.861,-0.122,2.319,0.000
-0.122,-0.464,0.859,0.000,2.319,0.183
-0.135,-0.466,0.857,0.183,0.916,0.000
-0.124,-0.464,0.844,0.854,0.000,0.061
-0.108,-0.459,0.846,1.648,-1.404,-0.061
-0.118,-0.467,0.850,1.831,-3.784,-0.427
-0.125,-0.468,0.855,2.014,-5.859,-0.671
-0.119,-0.467,0.855,2.197,-6.409,-0.732
-0.125,-0.466,0.856,1.709,-5.493,-0.488
-0.128,-0.463,0.850,1.099,-4.028,0.061
-0.121,-0.461,0.846,0.793,-2.991,0.488
-0.113,-0.462,0.841,0.854,-2.930,0.488
-0.099,-0.462,0.849,1.404,-3.967,0.183
-0.111,-0.466,0.868,1.343,-4.639,-0.183
-0.123,-0.461,0.866,0.366,-3.235,-0.488
-0.128,-0.462,0.861,0.427,-2.197,-0.488
-0.140,-0.464,0.867,1.282,-2.258,-0.488
-0.147,-0.470,0.866,1.343,-0.916,0.122
-0.133,-0.462,0.857,0.610,0.610,0.977
-0.125,-0.462,0.859,0.366,1.038,1.404
-0.122,-0.466,0.860,0.610,0.366,1.282
-0.116,-0.464,0.869,-0.061,0.549,1.160
-0.107,-0.466,0.875,-0.610,0.427,0.488
-0.096,-0.467,0.870,-0.183,-0.488,0.061
-0.115,-0.461,0.862,-0.061,-1.892,-0.610
-0.122,-0.454,0.839,0.366,-2.625,-0.916
-0.136,-0.455,0.847,1.099,-3.235,-0.916
-0.142,-0.455,0.853,0.671,-3.418,-0.549
-0.129,-0.458,0.859,0.244,-3.418,0.305
-0.127,-0.461,0.882,0.488,-3.967,0.732
-0.122,-0.465,0.868,0.122,-3.479,0.427
-0.130,-0.460,0.869,0.671,-3.357,0.061
-0.135,-0.465,0.863,1.709,-2.625,-0.183
-0.124,-0.462,0.860,2.136,-1.526,-0.427
-0.121,-0.463,0.857,2.380,-1.221,-0.427
-0.126,-0.464,0.870,2.014,-0.977,-0.549
-0.136,-0.463,0.871,1.343,-0.610,-0.549
-0.135,-0.463,0.864,1.587,-0.732,-0.366
-0.124,-0.453,0.857,0.916,-0.854,-0.061
-0.124,-0.458,0.860,0.305,-1.831,0.122
-0.131,-0.462,0.870,-0.122,-1.953,0.427
-0.123,-0.458,0.854,-0.610,-1.221,0.488
-0.111,-0.456,0.856,0.488,-1.587,0.366
-0.116,-0.462,0.870,1.648,-3.052,-0.122
-0.111,-0.462,0.865,1.831,-3.784,-0.854
-0.120,-0.457,0.866,1.648,-3.174,-0.977
-0.134,-0.464,0.862,1.648,-1.831,-0.854
-0.136,-0.455,0.856,1.038,-1.038,-0.244
-0.146,-0.456,0.863,0.244,-0.488,0.549
-0.132,-0.461,0.864,0.244,-0.732,0.916
-0.125,-0.462,0.879,0.977,-1.770,0.732
-0.126,-0.465,0.871,1.160,-0.977,0.732
-0.126,-0.461,0.861,0.854,0.366,0.732
-0.117,-0.460,0.857,1.038,0.488,0.671
-0.110,-0.460,0.865,1.587,-1.038,0.000
-0.121,-0.461,0.876,2.136,-3.296,-0.916
-0.126,-0.462,0.872,2.441,-3.784,-1.221
-0.132,-0.460,0.869,2.747,-2.808,-0.916
-0.134,-0.458,0.853,1.953,-1.587,-0.610
-0.134,-0.454,0.848,0.854,-1.099,-0.305
-0.136,-0.456,0.858,0.244,-1.587,0.305
-0.135,-0.453,0.855,0.183,-2.625,0.549
-0.115,-0.457,0.865,1.648,-3.113,0.427
-0.115,-0.461,0.865,2.319,-2.808,-0.305
-0.132,-0.462,0.861,2.197,-1.709,-0.610
-0.147,-0.463,0.858,1.465,-0.122,-0.305
-0.143,-0.466,0.857,0.854,1.099,0.366
-0.137,-0.462,0.856,0.000,0.610,0.671
-0.131,-0.460,0.863,-0.183,-1.221,1.099
-0.130,-0.456,0.861,-0.122,-2.869,0.916
-0.118,-0.457,0.863,0.549,-3.418,0.610
-0.114,-0.458,0.865,0.916,-2.930,0.366
-0.116,-0.458,0.871,0.854,-2.014,0.122
-0.126,-0.461,0.878,0.732,-1.770,0.000
-0.138,-0.463,0.865,0.854,-1.099,0.061
-0.136,-0.457,0.863,0.854,-0.610,0.122
-0.145,-0.460,0.861,0.854,-0.549,0.488
-0.145,-0.459,0.857,0.610,-0.732,0.793
-0.137,-0.456,0.860,-0.061,-0.488,1.160
-0.126,-0.455,0.858,-0.244,0.061,1.587
-0.115,-0.455,0.860,0.183,-0.122,1.465
-0.117,-0.455,0.859,0.732,-1.038,1.160
-0.109,-0.456,0.858,0.854,-1.831,0.549
-0.116,-0.455,0.864,0.854,-3.052,0.122
-0.122,-0.459,0.865,1.038,-3.418,0.000
-0.122,-0.457,0.866,1.282,-3.052,-0.061
,,,,,
0.005,-0.881,1.833,-159.119,-36.499,-77.576
-0.009,-1.044,1.862,-140.198,-36.133,-67.017
0.138,-0.893,1.842,-118.469,-37.964,-42.053
0.181,-0.960,1.814,-96.680,-34.302,-32.471
0.199,-0.874,1.694,-78.125,-19.897,-28.442
0.252,-0.883,1.575,-63.293,-4.578,-32.043
0.254,-0.750,1.413,-54.626,6.836,-36.804
0.350,-0.627,1.319,-52.795,12.939,-58.472
0.345,-0.697,1.204,-52.673,16.052,-89.844
0.241,-0.762,1.173,-48.767,9.888,-98.877
0.165,-0.708,1.165,-38.879,-0.061,-86.365
0.098,-0.666,1.164,-28.137,-9.094,-76.965
0.090,-0.626,1.272,-19.714,-15.320,-78.186
0.009,-0.547,1.427,-12.207,-14.954,-89.050
-0.137,-0.576,1.479,5.127,-0.122,-103.333
-0.101,-0.690,1.382,34.058,23.315,-110.352
-0.190,-0.774,1.285,57.861,44.373,-107.727
-0.151,-0.769,1.188,69.946,65.735,-98.206
-0.149,-0.763,1.070,82.458,75.500,-85.083
-0.173,-0.628,1.010,87.585,86.426,-74.341
-0.160,-0.590,0.934,90.210,101.624,-64.026
-0.208,-0.767,0.513,85.205,119.568,-58.594
-0.150,-0.702,0.632,59.692,116.760,-45.288
-0.087,-0.696,0.601,72.021,104.431,-23.987
-0.076,-0.781,0.600,56.030,112.061,-18.860
0.030,-0.633,0.579,39.124,126.587,-16.724
0.157,-0.673,0.578,53.528,134.338,-10.498
0.210,-0.654,0.554,49.561,134.583,-15.991
0.254,-0.657,0.578,37.964,126.526,-25.757
0.267,-0.747,0.463,50.415,113.342,-32.349
0.225,-0.804,0.478,48.767,94.177,-36.133
0.152,-0.783,0.499,48.035,68.665,-32.288
0.032,-0.765,0.409,40.039,42.358,-26.611
0.022,-0.809,0.420,24.841,19.653,-21.118
0.098,-0.703,0.589,15.198,-1.709,-13.977
0.036,-0.702,0.713,16.785,-17.151,-10.925
-0.081,-0.788,0.663,16.907,-18.982,-12.390
-0.018,-0.792,0.586,10.498,-14.648,-12.329
0.060,-0.710,0.589,7.507,-19.165,-6.042
0.068,-0.639,0.599,7.324,-26.245,-1.526
0.103,-0.625,0.578,8.301,-27.100,-4.822
0.108,-0.627,0.595,4.761,-26.428,-13.062
0.043,-0.702,0.524,7.690,-25.818,-19.592
0.070,-0.755,0.567,4.211,-27.710,-22.461
0.024,-0.844,0.812,6.104,-38.574,-19.836
-0.010,-0.860,0.813,2.869,-31.372,-15.442
-0.040,-0.797,0.721,-8.118,-10.925,-13.733
0.004,-0.746,0.728,-8.789,-2.014,-11.169
-0.007,-0.735,0.723,0.549,-1.160,-14.648
0.002,-0.756,0.617,2.747,0.122,-19.287
-0.002,-0.743,0.574,-2.197,-2.808,-20.935
-0.040,-0.756,0.632,-7.812,-8.240,-23.560
-0.061,-0.788,0.718,-7.141,-13.306,-26.611
-0.017,-0.728,0.750,2.319,-14.587,-23.743
0.045,-0.705,0.695,19.714,-13.916,-18.982
0.031,-0.736,0.816,32.532,-16.541,-21.301
-0.021,-0.876,0.870,42.236,-13.611,-23.987
0.045,-0.956,0.652,37.476,-0.122,-23.743
0.092,-0.869,0.641,30.579,2.991,-17.700
0.028,-0.788,0.737,32.349,-4.150,-15.625
0.010,-0.844,0.664,38.940,-2.136,-18.188
0.008,-0.863,0.599,39.429,4.517,-19.043
0.000,-0.824,0.620,34.912,9.888,-19.531
-0.037,-0.898,0.583,32.166,11.902,-17.273
-0.028,-0.853,0.468,28.748,13.245,-11.963
0.016,-0.822,0.444,16.296,10.132,-5.310
0.060,-0.860,0.392,4.211,2.197,-2.747
0.014,-0.866,0.478,-8.484,-8.972,-4.150
-0.013,-0.824,0.689,-10.864,-24.414,-1.526
-0.057,-0.827,0.822,-2.075,-28.687,1.892
-0.060,-0.884,0.743,13.611,-28.625,4.089
0.015,-0.872,0.589,23.071,-29.663,6.348
-0.013,-0.867,0.517,22.522,-35.217,7.690
0.008,-0.894,0.445,13.062,-36.865,10.132
0.065,-0.795,0.488,-1.343,-38.452,16.418
0.054,-0.768,0.609,-19.348,-41.382,18.127
0.119,-0.619,0.662,-26.245,-37.903,14.160
0.084,-0.809,0.498,-23.865,-35.889,1.221
0.103,-0.854,0.514,-26.855,-38.147,-4.333
0.007,-0.833,0.530,-19.958,-45.532,7.812
-0.117,-0.596,0.635,-2.075,-52.673,27.649
-0.344,-0.668,0.720,22.095,-55.237,31.189
-0.224,-0.779,0.655,22.949,-49.316,14.954
0.029,-0.853,0.578,13.306,-50.232,-3.540
0.002,-0.934,0.588,7.141,-55.969,-5.310
-0.082,-1.003,0.479,6.287,-66.162,10.437
-0.076,-0.855,0.446,2.136,-79.651,33.386
-0.159,-0.750,0.557,-3.357,-94.543,42.603
-0.229,-0.713,0.639,-5.554,-95.093,35.217
-0.209,-0.799,0.787,0.427,-79.834,24.048
-0.162,-0.945,0.621,15.747,-50.781,17.090
-0.069,-0.762,0.504,13.184,-33.325,18.372
-0.133,-0.746,0.479,7.019,-39.124,20.325
-0.204,-0.775,0.548,5.432,-47.424,19.958
-0.320,-0.725,0.747,2.197,-45.837,18.066
-0.226,-0.782,0.761,6.531,-26.123,13.489
-0.145,-0.821,0.763,20.630,-7.629,9.094
-0.112,-0.921,0.639,32.593,4.517,7.874
-0.095,-0.899,0.538,31.677,9.277,7.935
-0.102,-0.926,0.523,21.912,2.808,9.216
-0.083,-0.881,0.508,7.141,-11.292,11.597
-0.045,-0.790,0.463,-3.967,-26.611,15.564
-0.052,-0.882,0.441,-5.676,-42.603,18.494
0.023,-0.830,0.499,-5.188,-53.772,23.682
0.002,-0.746,0.418,-1.221,-60.364,29.785
-0.070,-0.697,0.386,10.986,-58.594,27.588
-0.079,-0.816,0.452,24.048,-56.763,17.883
-0.001,-0.796,0.519,30.029,-60.181,10.620
-0.012,-0.860,0.463,31.616,-60.364,7.935
-0.132,-0.772,0.554,32.593,-66.833,7.446
-0.251,-0.802,0.900,42.236,-67.200,6.714
-0.223,-0.839,0.793,48.767,-40.039,4.761
-0.215,-0.816,0.660,58.350,-16.602,2.869
-0.269,-0.803,0.565,56.458,-13.794,-0.305
-0.328,-0.714,0.450,36.438,-17.822,-5.066
-0.308,-0.623,0.391,19.104,-18.677,-12.451
-0.247,-0.668,0.410,17.395,-17.212,-17.700
-0.140,-0.760,0.436,19.897,-13.306,-15.320
-0.057,-0.845,0.407,19.287,-5.981,0.854
,,,,,
-0.808,-0.401,-1.545,120.605,-59.631,-31.555
-0.805,-0.465,-1.577,87.830,-45.898,-8.179
-0.721,-0.468,-1.557,42.664,-44.067,11.108
-0.635,-0.468,-1.417,-9.155,-55.115,23.437
-0.599,-0.470,-1.190,-45.532,-74.219,28.503
-0.568,-0.502,-0.976,-60.181,-89.661,29.907
-0.575,-0.576,-0.734,-62.683,-91.309,28.687
-0.554,-0.638,-0.603,-59.021,-73.181,29.114
-0.475,-0.724,-0.558,-48.584,-42.725,32.227
-0.377,-0.809,-0.552,-37.964,-11.658,34.485
-0.279,-0.849,-0.585,-34.302,11.414,35.217
-0.212,-0.850,-0.586,-36.987,20.386,33.020
-0.213,-0.848,-0.583,-42.664,16.052,28.687
-0.215,-0.829,-0.632,-50.476,6.226,23.376
-0.248,-0.827,-0.703,-58.105,-6.226,17.944
-0.277,-0.823,-0.716,-59.387,-19.348,13.672
-0.297,-0.776,-0.712,-57.190,-24.963,9.155
-0.298,-0.751,-0.738,-54.321,-21.057,2.747
-0.313,-0.730,-0.782,-53.345,-13.000,-3.784
-0.363,-0.709,-0.823,-53.711,-6.042,-9.338
-0.426,-0.677,-0.832,-56.396,-2.563,-12.390
-0.472,-0.648,-0.838,-62.256,0.366,-11.414
-0.488,-0.619,-0.806,-68.970,3.540,-7.629
-0.498,-0.599,-0.736,-76.172,8.423,-3.052
-0.483,-0.583,-0.691,-84.351,17.334,0.366
-0.466,-0.590,-0.625,-90.393,28.809,3.113
-0.441,-0.605,-0.575,-94.360,42.908,4.578
-0.414,-0.600,-0.517,-96.313,58.411,5.005
-0.403,-0.626,-0.485,-96.680,71.716,5.371
-0.402,-0.650,-0.504,-96.863,80.078,6.775
-0.419,-0.641,-0.466,-97.778,78.674,10.864
-0.431,-0.614,-0.426,-104.675,70.618,17.700
-0.437,-0.589,-0.389,-117.981,61.035,24.475
-0.445,-0.565,-0.348,-133.545,51.514,29.419
-0.460,-0.568,-0.255,-147.705,44.556,33.264
-0.461,-0.542,-0.118,-158.020,45.349,38.818
-0.471,-0.537,-0.010,-163.330,57.068,45.959
-0.480,-0.554,0.051,-163.574,76.294,54.626
-0.464,-0.568,0.171,-162.720,93.140,68.054
-0.427,-0.562,0.304,-166.443,107.544,82.092
-0.393,-0.561,0.506,-168.396,119.568,92.957
-0.328,-0.592,0.677,-164.795,127.014,103.943
-0.219,-0.637,0.711,-158.203,127.625,112.000
-0.151,-0.711,0.694,-150.269,113.342,116.089
-0.093,-0.736,0.750,-142.029,86.060,118.896
-0.011,-0.744,0.785,-138.489,63.171,118.347
0.055,-0.744,0.759,-137.573,52.246,109.314
0.113,-0.785,0.763,-131.836,49.194,96.191
0.157,-0.784,0.731,-125.244,54.016,85.022
0.167,-0.740,0.703,-124.084,62.439,73.975
0.131,-0.702,0.718,-127.258,63.904,66.772
0.123,-0.697,0.876,-135.193,58.777,65.735
0.116,-0.661,1.055,-146.667,58.472,67.383
0.171,-0.639,1.128,-148.865,57.556,73.669
0.245,-0.671,1.106,-133.057,46.692,81.238
0.295,-0.724,1.057,-110.596,29.602,81.482
0.269,-0.757,1.051,-92.712,16.907,69.824
0.275,-0.798,0.976,-78.125,17.334,51.270
0.264,-0.758,0.898,-63.171,22.400,33.691
0.215,-0.695,0.826,-51.636,22.034,19.104
0.145,-0.663,0.749,-47.119,10.498,10.620
0.088,-0.656,0.721,-46.997,-7.751,8.789
0.014,-0.585,0.770,-48.950,-22.156,12.695
-0.021,-0.574,0.857,-48.706,-27.161,25.330
0.041,-0.664,0.882,-47.791,-18.066,42.419
0.151,-0.770,0.883,-49.866,0.854,54.932
0.254,-0.878,0.923,-53.955,20.264,58.044
0.317,-0.945,1.012,-56.152,36.072,52.979
0.345,-0.977,1.089,-53.711,46.570,42.114
0.341,-0.991,1.151,-45.959,48.828,28.687
0.337,-1.001,1.168,-36.560,44.067,15.869
0.322,-0.979,1.156,-26.978,33.325,3.906
0.262,-0.924,1.126,-16.052,20.325,-6.287
0.211,-0.887,1.038,-3.967,6.775,-14.221
0.170,-0.849,0.922,3.479,-6.775,-19.775
0.128,-0.825,0.808,4.272,-22.095,-24.902
0.074,-0.799,0.721,0.183,-39.429,-27.100
0.013,-0.771,0.698,-6.226,-56.213,-26.611
-0.034,-0.739,0.693,-10.071,-63.782,-23.132
-0.050,-0.721,0.680,-8.484,-60.120,-17.334
-0.038,-0.716,0.646,-3.235,-48.645,-11.841
-0.022,-0.722,0.598,1.160,-33.752,-7.751
-0.013,-0.713,0.587,3.174,-20.081,-4.456
-0.011,-0.715,0.601,3.845,-8.423,-2.075
-0.004,-0.719,0.620,3.479,0.854,-0.366
0.000,-0.723,0.643,2.991,7.080,0.488
-0.007,-0.731,0.667,2.380,9.644,1.160
-0.010,-0.739,0.690,1.343,9.033,2.625
-0.004,-0.752,0.699,-0.610,7.080,3.723
-0.002,-0.783,0.675,-2.014,4.639,3.296
0.007,-0.810,0.664,-1.343,1.465,2.502
0.003,-0.794,0.683,-1.038,-2.319,1.709
0.001,-0.783,0.678,-2.747,-4.761,0.366
-0.005,-0.781,0.680,-3.113,-6.287,-0.122
-0.012,-0.766,0.684,-2.258,-6.714,0.610
-0.001,-0.754,0.677,0.000,-4.944,1.526
0.007,-0.748,0.671,2.502,-1.526,2.136
0.012,-0.750,0.672,2.991,0.427,2.686
0.028,-0.758,0.680,2.258,2.441,2.319
0.026,-0.765,0.681,1.343,3.296,1.343
0.018,-0.772,0.696,1.099,1.404,0.488
0.019,-0.785,0.694,1.282,0.488,-0.732
0.018,-0.792,0.696,1.282,-3.296,-0.916
0.023,-0.791,0.700,1.343,-6.531,-2.075
0.011,-0.777,0.702,1.587,-9.216,-3.235
-0.002,-0.758,0.698,3.235,-10.498,-3.784
0.000,-0.749,0.671,5.310,-9.949,-3.540
0.001,-0.751,0.645,6.042,-10.254,-2.808
0.003,-0.749,0.631,5.066,-11.169,-2.625
0.002,-0.759,0.624,3.418,-10.437,-3.113
0.000,-0.749,0.622,2.441,-8.972,-3.052
-0.004,-0.745,0.633,3.052,-6.104,-2.319
0.000,-0.736,0.638,5.066,-1.892,-0.916
0.004,-0.744,0.640,6.226,1.709,0.061
0.004,-0.755,0.651,6.042,4.211,0.671
0.002,-0.756,0.671,5.615,5.920,0.916
0.000,-0.764,0.679,5.310,6.470,-0.122
0.002,-0.781,0.669,5.432,5.310,-1.221
0.009,-0.780,0.668,5.920,2.319,-2.563
,,,,,
0.393,-0.953,1.287,66.162,-14.160,-41.260
0.390,-0.885,1.333,73.730,-14.099,-51.270
0.365,-0.788,1.376,83.496,-11.230,-61.646
0.329,-0.768,1.421,98.022,-13.000,-66.162
0.301,-0.783,1.336,109.253,-18.127,-67.017
0.269,-0.812,1.246,122.864,-23.682,-72.205
0.233,-0.814,1.121,138.855,-24.963,-80.933
0.170,-0.810,0.930,153.320,-21.851,-93.689
0.127,-0.734,0.844,164.978,-19.287,-105.347
0.040,-0.648,0.783,164.795,-16.785,-109.253
-0.042,-0.651,0.610,156.982,-16.296,-110.046
-0.074,-0.641,0.566,153.564,-24.353,-107.422
-0.086,-0.581,0.627,152.405,-31.799,-99.854
-0.118,-0.520,0.571,150.635,-29.480,-97.778
-0.161,-0.494,0.591,158.020,-24.902,-97.900
-0.159,-0.465,0.518,167.542,-18.372,-93.628
-0.189,-0.509,0.313,169.250,-11.719,-96.680
-0.204,-0.524,0.280,173.462,-16.663,-101.929
-0.204,-0.482,0.209,179.932,-19.104,-106.567
-0.254,-0.475,0.043,179.077,-16.113,-118.774
-0.305,-0.403,0.013,180.054,-21.606,-125.183
-0.350,-0.310,0.056,184.265,-29.419,-120.911
-0.395,-0.258,-0.165,186.096,-30.518,-116.638
-0.417,-0.236,-0.349,185.059,-42.664,-113.892
-0.485,-0.259,-0.466,179.504,-71.655,-107.849
-0.551,-0.246,-0.701,162.048,-94.727,-102.905
-0.636,-0.218,-0.910,148.682,-111.755,-100.159
-0.739,-0.152,-1.074,146.606,-119.568,-93.323
-0.822,-0.145,-1.315,144.836,-114.563,-88.013
-0.833,-0.070,-1.638,138.062,-106.873,-85.327
-0.907,-0.021,-1.910,127.747,-112.244,-82.703
-0.986,0.010,-2.097,117.798,-125.122,-76.111
-1.022,-0.022,-2.175,99.304,-137.146,-66.101
-1.033,-0.137,-2.136,68.970,-143.677,-47.974
-1.013,-0.310,-1.968,26.733,-139.282,-23.804
-0.928,-0.403,-1.639,-18.616,-121.826,5.981
-0.739,-0.356,-1.301,-52.246,-92.529,36.377
-0.587,-0.475,-1.008,-65.979,-63.232,57.007
-0.446,-0.620,-0.755,-70.618,-34.668,66.101
-0.316,-0.735,-0.594,-69.946,-5.676,67.566
-0.198,-0.815,-0.507,-65.796,16.418,63.110
-0.145,-0.868,-0.448,-60.852,26.123,53.284
-0.124,-0.873,-0.429,-56.519,26.184,41.077
-0.132,-0.876,-0.448,-53.894,20.447,28.198
-0.154,-0.846,-0.498,-53.528,11.597,16.663
-0.218,-0.797,-0.536,-55.115,2.380,7.324
-0.296,-0.747,-0.582,-57.678,-4.211,1.282
-0.362,-0.703,-0.615,-60.913,-8.972,1.038
-0.424,-0.675,-0.627,-65.735,-12.024,5.127
-0.490,-0.664,-0.626,-69.397,-12.329,11.230
-0.526,-0.671,-0.612,-71.533,-10.986,17.761
-0.522,-0.649,-0.609,-72.754,-8.728,24.597
-0.519,-0.637,-0.585,-73.303,-6.592,28.992
-0.510,-0.609,-0.553,-73.242,-2.869,31.128
-0.505,-0.609,-0.529,-73.914,3.540,32.593
-0.484,-0.596,-0.523,-75.562,12.146,35.339
-0.464,-0.585,-0.503,-78.430,19.836,37.598
-0.449,-0.583,-0.505,-83.862,24.902,40.466
-0.423,-0.594,-0.472,-93.079,26.855,44.067
-0.395,-0.603,-0.419,-104.675,27.222,46.631
-0.375,-0.590,-0.316,-115.173,28.503,47.180
-0.396,-0.575,-0.209,-122.864,33.752,47.852
-0.408,-0.592,-0.152,-127.747,41.931,50.842
-0.408,-0.610,-0.097,-132.080,48.584,58.167
-0.375,-0.638,0.000,-138.672,53.345,66.772
-0.331,-0.670,0.098,-146.790,58.289,72.815
-0.306,-0.695,0.210,-153.259,64.697,76.355
-0.258,-0.749,0.324,-154.480,71.411,79.956
-0.180,-0.811,0.412,-154.724,76.782,82.092
-0.151,-0.766,0.532,-153.076,79.529,80.750
-0.146,-0.741,0.652,-145.996,80.078,78.430
-0.111,-0.766,0.696,-140.320,75.378,76.782
-0.083,-0.744,0.800,-140.991,62.439,75.012
-0.106,-0.741,0.957,-143.738,47.180,73.486
-0.086,-0.768,1.055,-144.287,36.987,73.364
-0.044,-0.826,1.113,-138.245,32.776,73.364
0.004,-0.879,1.171,-126.099,33.752,72.449
0.072,-0.916,1.156,-109.924,40.161,71.167
0.122,-0.940,1.083,-91.187,47.241,66.284
0.150,-0.946,1.022,-72.571,51.331,59.082
0.168,-0.942,0.951,-58.960,52.124,52.368
0.163,-0.920,0.890,-52.368,47.424,47.241
0.133,-0.925,0.882,-49.988,36.438,44.189
0.147,-0.932,0.878,-48.523,26.306,44.067
0.180,-0.962,0.844,-47.119,17.944,42.297
0.190,-0.980,0.813,-46.082,7.751,36.194
0.174,-0.984,0.825,-45.166,-3.052,28.503
0.151,-0.973,0.845,-44.189,-11.292,21.729
0.130,-0.987,0.863,-40.222,-14.282,16.663
0.128,-0.995,0.863,-32.349,-8.301,13.245
0.128,-0.996,0.859,-22.949,3.662,10.742
0.119,-1.005,0.842,-16.113,15.320,8.545
0.101,-1.001,0.834,-10.925,22.583,7.141
0.085,-0.997,0.806,-6.531,23.926,5.493
0.063,-0.997,0.767,-4.089,16.541,2.563
0.032,-0.987,0.737,-3.479,3.601,-1.282
-0.005,-0.964,0.705,-2.502,-9.399,-5.676
-0.036,-0.944,0.649,0.183,-19.714,-9.705
-0.055,-0.931,0.579,2.014,-28.320,-12.390
-0.087,-0.904,0.535,3.113,-36.621,-13.916
-0.124,-0.890,0.505,5.554,-40.710,-13.489
-0.126,-0.877,0.459,9.216,-37.476,-10.254
-0.112,-0.861,0.409,12.573,-29.297,-6.653
-0.098,-0.849,0.366,14.099,-18.921,-3.784
-0.093,-0.841,0.346,12.329,-10.437,-1.404
-0.085,-0.846,0.339,7.751,-4.883,0.916
-0.066,-0.848,0.365,2.991,-2.075,3.235
-0.049,-0.839,0.393,-0.061,-1.526,3.662
-0.042,-0.837,0.407,-1.587,-3.357,2.075
-0.047,-0.820,0.424,-2.380,-6.165,0.366
-0.054,-0.810,0.431,-3.784,-10.010,-0.793
-0.065,-0.819,0.434,-5.981,-12.695,-1.160
-0.066,-0.834,0.445,-6.775,-12.268,-1.038
-0.071,-0.823,0.477,-5.676,-8.667,-0.183
-0.084,-0.825,0.511,-4.333,-2.747,0.793
-0.081,-0.836,0.535,-3.052,4.944,3.052
-0.074,-0.849,0.555,-2.930,11.353,5.249
-0.068,-0.868,0.567,-3.784,13.489,6.287
-0.057,-0.887,0.559,-4.395,11.230,6.042
,,,,,
-0.761,-0.276,-1.526,58.289,-118.896,-47.058
-0.722,-0.296,-1.544,38.574,-121.765,-33.813
-0.709,-0.368,-1.493,21.423,-117.065,-20.935
-0.701,-0.452,-1.336,4.761,-101.685,-6.165
-0.630,-0.483,-1.162,-6.348,-71.594,10.864
-0.528,-0.556,-1.015,-8.240,-32.043,26.062
-0.413,-0.643,-0.889,-8.057,5.188,36.865
-0.316,-0.714,-0.772,-13.123,30.273,43.518
-0.234,-0.779,-0.643,-20.447,40.588,44.861
-0.176,-0.819,-0.535,-26.062,39.734,41.016
-0.152,-0.836,-0.479,-29.541,31.250,33.142
-0.163,-0.840,-0.461,-30.701,18.066,23.682
-0.186,-0.818,-0.500,-29.419,5.371,15.137
-0.227,-0.790,-0.580,-29.480,-5.127,8.057
-0.278,-0.741,-0.662,-31.067,-15.930,4.272
-0.334,-0.691,-0.760,-31.250,-21.423,4.150
-0.370,-0.680,-0.875,-33.569,-17.212,4.944
-0.386,-0.676,-0.940,-43.152,-8.911,7.690
-0.399,-0.649,-0.933,-59.021,-1.038,11.841
-0.411,-0.616,-0.869,-74.951,6.531,14.954
-0.435,-0.585,-0.797,-86.121,15.442,17.029
-0.455,-0.576,-0.745,-93.445,22.339,19.958
-0.453,-0.557,-0.675,-100.525,24.292,24.414
-0.451,-0.551,-0.594,-108.154,22.217,28.870
-0.455,-0.576,-0.517,-114.624,19.165,32.227
-0.472,-0.595,-0.431,-118.591,16.602,35.339
-0.472,-0.608,-0.361,-117.126,17.944,39.490
-0.458,-0.628,-0.323,-113.220,23.254,44.250
-0.417,-0.644,-0.293,-109.436,29.602,48.340
-0.394,-0.638,-0.253,-109.070,35.645,51.453
-0.374,-0.650,-0.243,-113.220,39.978,53.223
-0.359,-0.647,-0.220,-122.070,40.222,54.443
-0.360,-0.646,-0.135,-133.240,36.499,56.213
-0.337,-0.645,-0.054,-144.531,34.363,59.631
-0.323,-0.638,0.052,-154.968,32.715,63.293
-0.313,-0.634,0.199,-164.062,30.884,67.810
-0.296,-0.646,0.373,-172.546,31.311,74.097
-0.250,-0.692,0.516,-177.246,35.645,80.750
-0.203,-0.738,0.656,-174.805,43.335,86.060
-0.147,-0.786,0.774,-163.696,54.504,89.844
-0.045,-0.822,0.822,-147.888,66.711,91.125
0.040,-0.867,0.823,-131.470,74.646,86.609
0.070,-0.865,0.816,-117.615,74.646,76.660
0.059,-0.851,0.814,-106.079,67.139,65.796
0.049,-0.828,0.813,-98.022,55.176,57.983
0.050,-0.825,0.793,-93.933,42.297,53.101
0.050,-0.828,0.793,-92.407,29.846,48.523
0.029,-0.806,0.864,-90.027,22.156,45.776
0.034,-0.817,0.903,-85.754,25.879,46.387
0.079,-0.881,0.907,-79.590,35.889,48.889
0.141,-0.940,0.908,-72.205,46.082,51.208
0.205,-0.981,0.918,-65.796,54.077,49.927
0.224,-0.990,0.948,-62.134,57.495,44.678
0.214,-0.997,0.982,-57.678,55.359,38.391
0.209,-1.011,0.997,-50.537,48.279,33.020
0.205,-1.036,0.985,-42.725,38.574,27.405
0.185,-1.074,0.999,-36.377,28.625,20.264
0.159,-1.098,1.062,-33.142,24.414,13.916
0.156,-1.099,1.064,-30.945,28.015,10.010
0.147,-1.096,0.958,-23.621,24.719,5.432
0.106,-1.066,0.832,-11.597,5.859,-1.038
0.024,-1.044,0.730,-1.099,-15.869,-8.545
-0.026,-0.987,0.627,3.906,-27.954,-15.137
-0.064,-0.944,0.532,6.470,-31.677,-18.677
-0.090,-0.912,0.453,7.690,-32.532,-20.142
-0.111,-0.878,0.396,5.798,-32.654,-19.897
-0.128,-0.847,0.372,1.465,-32.654,-17.151
-0.139,-0.830,0.383,-4.089,-31.250,-12.268
-0.131,-0.825,0.416,-8.423,-25.940,-5.981
-0.108,-0.832,0.439,-10.132,-17.517,-0.427
-0.080,-0.833,0.457,-10.071,-8.972,3.662
-0.061,-0.835,0.469,-9.460,-3.113,5.249
-0.051,-0.829,0.481,-9.338,-0.977,4.761
-0.054,-0.823,0.501,-10.010,-1.892,3.845
-0.048,-0.827,0.520,-10.071,-3.540,3.235
-0.035,-0.837,0.535,-9.338,-4.089,3.479
-0.023,-0.850,0.536,-8.301,-3.418,3.174
-0.005,-0.867,0.532,-6.653,-3.601,3.174
0.003,-0.876,0.522,-5.920,-4.333,2.502
0.005,-0.876,0.509,-4.761,-4.944,0.977
-0.009,-0.862,0.502,-3.540,-4.700,-0.549
-0.021,-0.853,0.489,-2.686,-3.296,-0.549
-0.017,-0.860,0.469,-2.319,-1.282,0.244
-0.013,-0.864,0.472,-4.333,-0.305,0.549
-0.023,-0.873,0.496,-6.836,-0.610,-0.061
-0.028,-0.880,0.513,-7.935,-1.221,-0.671
-0.027,-0.888,0.523,-8.179,-1.343,-0.977
-0.029,-0.894,0.533,-8.423,-1.770,-1.770
-0.036,-0.896,0.545,-8.728,-2.686,-3.296
-0.037,-0.897,0.550,-8.484,-3.601,-4.883
-0.039,-0.897,0.543,-8.606,-5.859,-6.348
-0.047,-0.887,0.549,-9.216,-10.498,-7.019
-0.055,-0.875,0.553,-10.132,-15.564,-7.568
-0.066,-0.865,0.553,-10.498,-19.470,-8.118
-0.075,-0.865,0.554,-9.888,-21.790,-7.690
-0.070,-0.861,0.542,-8.118,-21.912,-6.714
-0.067,-0.859,0.526,-6.226,-20.935,-6.653
-0.070,-0.847,0.510,-4.700,-18.616,-7.019
-0.083,-0.837,0.490,-3.174,-15.442,-6.897
-0.087,-0.834,0.469,-2.136,-11.597,-5.615
-0.080,-0.829,0.460,-2.563,-7.141,-4.028
-0.081,-0.829,0.471,-3.540,-3.479,-3.296
-0.091,-0.822,0.498,-4.761,-0.916,-2.747
-0.102,-0.821,0.517,-5.249,1.343,-2.136
-0.113,-0.826,0.534,-5.188,2.808,-1.404
-0.112,-0.829,0.548,-4.578,3.967,-0.366
-0.104,-0.838,0.554,-3.723,4.578,0.000
-0.107,-0.835,0.566,-3.479,4.211,-0.244
-0.115,-0.833,0.571,-2.502,3.601,-0.366
-0.110,-0.833,0.564,-1.282,2.380,0.427
-0.104,-0.833,0.564,-1.221,0.183,0.854
-0.100,-0.836,0.560,-1.953,-1.648,0.549
-0.095,-0.836,0.559,-2.747,-3.540,0.305
-0.091,-0.836,0.562,-3.235,-5.432,-0.427
-0.094,-0.833,0.562,-3.662,-6.897,-1.282
-0.107,-0.821,0.568,-3.601,-8.240,-1.831
-0.108,-0.818,0.556,-2.563,-8.484,-1.465
-0.099,-0.819,0.531,-2.014,-7.935,-0.854
-0.097,-0.827,0.519,-3.174,-8.057,-0.793
,,,,,
0.246,-0.962,1.536,43.701,9.949,-2.075
0.278,-1.035,1.510,53.467,9.644,-10.376
0.317,-1.033,1.537,64.636,0.488,-22.400
0.305,-1.000,1.588,74.280,-11.597,-35.583
0.253,-0.989,1.526,84.412,-22.217,-49.988
0.194,-0.924,1.438,102.539,-36.621,-60.791
0.127,-0.857,1.389,128.845,-50.354,-65.552
0.099,-0.809,1.189,155.457,-50.598,-66.772
0.077,-0.764,1.015,178.833,-43.701,-68.054
0.033,-0.719,0.865,192.993,-33.325,-68.787
-0.002,-0.691,0.630,198.975,-21.362,-70.984
-0.074,-0.663,0.448,201.599,-15.442,-75.500
-0.162,-0.598,0.400,197.021,-14.771,-77.087
-0.234,-0.554,0.313,187.195,-11.047,-74.646
-0.276,-0.543,0.323,183.533,-5.249,-69.885
-0.284,-0.522,0.371,186.035,6.348,-61.707
-0.237,-0.572,0.199,189.209,20.874,-58.350
-0.258,-0.604,0.104,193.481,16.846,-62.988
-0.298,-0.554,0.048,195.679,0.305,-68.481
-0.320,-0.495,-0.047,194.092,-16.541,-75.623
-0.360,-0.456,-0.187,189.758,-35.767,-83.801
-0.394,-0.397,-0.276,184.631,-58.838,-89.233
-0.430,-0.347,-0.356,179.443,-79.407,-90.881
-0.454,-0.357,-0.546,174.988,-95.154,-91.492
-0.478,-0.347,-0.803,171.265,-111.450,-90.820
-0.510,-0.298,-1.078,161.011,-130.493,-87.830
-0.578,-0.261,-1.256,142.883,-151.306,-81.726
-0.614,-0.286,-1.435,120.361,-163.513,-70.557
-0.588,-0.308,-1.618,98.816,-169.861,-54.993
-0.552,-0.325,-1.713,81.421,-174.500,-39.307
-0.508,-0.342,-1.795,66.162,-170.166,-25.513
-0.462,-0.390,-1.829,49.622,-154.541,-15.442
-0.435,-0.458,-1.744,29.907,-131.104,-5.798
-0.419,-0.488,-1.563,13.733,-100.586,6.348
-0.386,-0.535,-1.341,7.874,-62.012,19.287
-0.319,-0.605,-1.173,7.629,-20.264,30.396
-0.250,-0.651,-1.023,5.554,14.038,39.185
-0.206,-0.701,-0.882,-2.075,38.208,43.274
-0.188,-0.739,-0.743,-11.902,52.917,44.250
-0.169,-0.771,-0.640,-18.250,61.096,42.969
-0.141,-0.788,-0.593,-21.973,64.331,39.612
-0.123,-0.799,-0.594,-24.963,59.875,33.508
-0.131,-0.806,-0.624,-28.992,48.462,25.146
-0.146,-0.809,-0.655,-36.316,33.447,15.991
-0.177,-0.788,-0.663,-47.180,17.090,8.423
-0.213,-0.751,-0.666,-55.054,3.601,3.235
-0.248,-0.719,-0.683,-57.861,-3.296,0.793
-0.274,-0.687,-0.718,-58.960,-3.967,1.892
-0.315,-0.672,-0.748,-60.974,-0.610,5.981
-0.333,-0.659,-0.760,-64.941,6.653,12.573
-0.340,-0.652,-0.755,-72.021,16.602,20.569
-0.324,-0.654,-0.714,-81.726,26.123,27.100
-0.312,-0.650,-0.637,-91.858,34.607,31.067
-0.302,-0.649,-0.563,-100.830,41.321,31.982
-0.324,-0.633,-0.480,-107.361,45.532,31.738
-0.356,-0.641,-0.400,-109.863,48.645,34.058
-0.351,-0.637,-0.330,-109.436,54.199,40.039
-0.323,-0.662,-0.294,-108.521,62.622,46.387
-0.278,-0.710,-0.270,-109.375,70.374,49.683
-0.249,-0.734,-0.219,-112.122,74.829,49.561
-0.248,-0.722,-0.163,-115.356,76.965,48.096
-0.241,-0.713,-0.131,-119.019,75.745,48.096
-0.231,-0.716,-0.070,-125.671,67.871,48.828
-0.213,-0.717,0.048,-133.850,59.753,49.255
-0.177,-0.742,0.148,-140.747,59.631,48.523
-0.150,-0.747,0.255,-143.982,64.819,47.058
-0.123,-0.741,0.411,-142.700,72.327,47.729
-0.080,-0.759,0.526,-141.296,82.458,52.063
-0.039,-0.774,0.631,-141.418,89.905,56.091
-0.038,-0.815,0.719,-138.428,89.294,60.059
-0.017,-0.860,0.791,-133.240,80.078,64.636
0.029,-0.899,0.818,-126.648,66.223,67.505
0.064,-0.921,0.828,-119.202,49.866,64.453
0.048,-0.915,0.839,-109.375,33.630,56.763
0.006,-0.898,0.815,-96.802,23.987,49.500
-0.020,-0.880,0.770,-84.412,22.095,46.448
-0.006,-0.875,0.731,-76.233,26.794,48.096
0.031,-0.898,0.711,-73.364,35.339,50.476
0.089,-0.930,0.729,-74.341,44.922,51.880
0.117,-0.971,0.793,-75.195,52.002,50.537
0.128,-0.975,0.870,-69.336,60.547,48.889
0.153,-1.001,0.915,-56.396,73.975,48.279
0.203,-1.058,0.993,-46.692,88.623,48.279
0.273,-1.133,1.068,-47.424,102.539,47.974
0.332,-1.195,1.039,-50.598,104.248,42.480
0.330,-1.175,0.990,-44.006,78.979,28.809
0.227,-1.122,0.974,-28.442,35.767,10.742
0.107,-1.096,0.875,-15.869,-1.892,-4.211
0.027,-1.025,0.764,-9.766,-24.658,-12.024
-0.026,-0.995,0.636,-6.165,-37.964,-14.221
-0.060,-0.981,0.529,-4.822,-47.729,-13.672
-0.082,-0.964,0.456,-4.578,-52.002,-12.085
-0.093,-0.935,0.401,-3.113,-47.791,-9.583
-0.087,-0.908,0.337,-0.549,-36.316,-6.653
-0.075,-0.885,0.285,-0.610,-23.804,-3.479
-0.066,-0.861,0.278,-5.554,-14.709,-0.244
-0.070,-0.848,0.312,-11.658,-9.399,3.235
-0.053,-0.844,0.364,-15.564,-7.324,7.080
-0.031,-0.853,0.417,-16.602,-6.348,10.498
0.008,-0.879,0.447,-15.381,-4.639,12.695
0.045,-0.892,0.464,-13.672,-1.709,13.245
0.056,-0.890,0.483,-12.573,0.610,11.475
0.052,-0.890,0.501,-12.451,1.587,9.521
0.053,-0.895,0.508,-12.329,1.404,8.789
0.061,-0.903,0.511,-11.597,0.671,7.507
0.053,-0.896,0.513,-11.353,-0.916,4.822
0.033,-0.889,0.510,-11.353,-3.052,2.563
0.019,-0.888,0.503,-11.414,-5.005,1.892
0.013,-0.890,0.501,-11.230,-6.287,1.343
0.002,-0.893,0.500,-10.803,-6.775,0.488
0.000,-0.892,0.497,-8.667,-6.287,-0.183
-0.005,-0.889,0.485,-6.897,-4.944,-0.488
-0.010,-0.887,0.482,-7.507,-4.456,-0.122
-0.013,-0.888,0.497,-9.155,-5.676,0.488
-0.010,-0.898,0.509,-9.888,-7.385,0.671
-0.010,-0.901,0.524,-9.705,-9.033,0.366
-0.010,-0.907,0.529,-9.277,-10.986,-0.549
-0.014,-0.901,0.526,-8.057,-11.963,-1.526
-0.021,-0.892,0.517,-6.653,-12.024,-1.892
,,,,,
0.314,-1.021,1.311,45.227,9.888,-5.005
0.325,-1.025,1.343,58.044,3.784,-11.658
0.338,-1.006,1.376,73.181,-1.099,-17.578
0.361,-1.011,1.291,90.759,-1.343,-25.757
0.371,-0.968,1.290,106.812,-2.808,-35.706
0.341,-0.945,1.278,116.882,-4.089,-44.556
0.305,-0.965,1.191,125.000,-5.615,-53.345
0.262,-0.940,1.140,136.902,-10.315,-62.195
0.219,-0.909,1.068,151.367,-10.498,-69.946
0.192,-0.897,0.881,166.199,-6.836,-78.247
0.135,-0.838,0.757,181.519,-9.705,-87.097
0.074,-0.746,0.691,193.848,-14.343,-93.994
-0.011,-0.719,0.535,200.256,-15.564,-99.060
-0.095,-0.703,0.372,204.224,-20.508,-100.342
-0.163,-0.652,0.305,207.520,-28.076,-97.473
-0.201,-0.622,0.219,207.214,-31.799,-92.285
-0.200,-0.630,0.126,201.843,-33.142,-87.952
-0.214,-0.624,0.081,192.993,-35.278,-84.534
-0.222,-0.630,0.058,183.533,-37.903,-82.336
-0.223,-0.637,-0.016,178.467,-42.114,-81.848
-0.247,-0.621,-0.107,178.833,-50.537,-85.388
-0.277,-0.580,-0.212,181.885,-62.744,-90.454
-0.292,-0.536,-0.353,183.960,-75.073,-96.436
-0.311,-0.497,-0.522,183.777,-89.905,-102.966
-0.344,-0.447,-0.684,180.847,-108.093,-109.924
-0.381,-0.386,-0.860,173.096,-125.977,-115.906
-0.415,-0.319,-1.073,160.461,-145.874,-120.789
-0.457,-0.223,-1.295,144.043,-172.485,-122.253
-0.542,-0.125,-1.491,123.108,-201.599,-116.394
-0.630,-0.141,-1.545,98.999,-221.619,-104.126
-0.588,-0.070,-1.752,80.200,-221.375,-83.252
-0.568,-0.109,-1.810,54.871,-209.412,-64.270
-0.557,-0.221,-1.760,27.039,-188.354,-47.913
-0.487,-0.280,-1.705,11.292,-152.954,-28.381
-0.440,-0.316,-1.602,5.859,-108.643,-9.644
-0.364,-0.396,-1.520,2.563,-58.044,5.066
-0.287,-0.463,-1.383,-5.554,-13.184,18.433
-0.244,-0.513,-1.194,-17.944,19.043,27.893
-0.201,-0.577,-1.012,-28.870,41.687,33.264
-0.167,-0.633,-0.860,-36.682,57.434,36.194
-0.144,-0.673,-0.733,-41.626,66.528,36.926
-0.119,-0.702,-0.658,-42.786,71.228,35.217
-0.092,-0.732,-0.628,-43.335,71.533,32.410
-0.079,-0.747,-0.622,-46.814,65.613,26.917
-0.085,-0.745,-0.615,-51.697,54.260,20.081
-0.105,-0.736,-0.622,-56.824,40.161,12.878
-0.135,-0.729,-0.646,-60.913,27.893,6.409
-0.158,-0.716,-0.679,-64.026,19.165,2.563
-0.182,-0.695,-0.718,-67.810,13.672,1.282
-0.218,-0.672,-0.720,-73.914,10.559,0.732
-0.255,-0.647,-0.685,-81.238,11.963,1.770
-0.283,-0.635,-0.652,-87.830,20.203,3.906
-0.312,-0.635,-0.625,-93.506,32.288,6.470
-0.336,-0.641,-0.572,-98.267,43.457,10.193
-0.355,-0.630,-0.512,-102.905,51.941,13.916
-0.382,-0.626,-0.452,-105.957,58.167,17.456
-0.396,-0.616,-0.392,-108.337,62.317,22.461
-0.389,-0.620,-0.337,-113.220,62.927,28.442
-0.387,-0.645,-0.288,-120.239,60.730,32.898
-0.382,-0.686,-0.238,-125.427,58.105,35.583
-0.373,-0.700,-0.169,-129.761,57.495,38.208
-0.358,-0.710,-0.112,-133.057,59.570,41.626
-0.348,-0.738,-0.060,-135.132,63.110,44.128
-0.323,-0.756,0.004,-135.620,69.153,47.363
-0.279,-0.781,0.050,-134.827,78.735,50.232
-0.263,-0.745,0.137,-132.202,89.050,52.124
-0.292,-0.712,0.247,-126.526,100.647,56.641
-0.272,-0.738,0.301,-121.216,113.708,66.711
-0.208,-0.778,0.325,-118.713,122.742,78.735
-0.125,-0.811,0.372,-120.483,123.840,86.487
-0.052,-0.848,0.431,-124.207,118.958,87.463
-0.002,-0.888,0.486,-128.479,108.521,82.703
0.015,-0.921,0.583,-130.066,94.116,74.036
0.035,-0.924,0.678,-125.671,84.595,64.514
0.041,-0.923,0.703,-114.868,81.360,55.115
0.035,-0.919,0.691,-99.792,79.590,48.462
0.031,-0.895,0.652,-86.243,75.562,46.692
0.046,-0.891,0.588,-81.482,67.932,47.058
0.052,-0.881,0.570,-84.900,54.504,47.363
0.039,-0.874,0.596,-90.149,40.039,47.424
0.042,-0.867,0.629,-92.651,29.358,48.157
0.036,-0.905,0.638,-91.675,21.851,48.279
0.046,-0.936,0.650,-87.646,17.334,47.668
0.058,-0.951,0.683,-80.933,18.311,45.471
0.067,-0.977,0.831,-75.806,27.649,42.603
0.125,-1.025,1.100,-79.102,53.406,45.166
0.241,-1.098,1.076,-85.144,89.233,50.415
0.306,-1.098,0.934,-74.951,94.910,46.631
0.257,-1.046,0.944,-49.438,62.134,33.447
0.160,-1.037,0.853,-27.405,28.625,19.043
0.129,-0.998,0.720,-19.165,11.047,9.216
0.086,-0.948,0.598,-19.714,-2.380,4.395
0.041,-0.935,0.502,-24.902,-18.188,0.671
-0.005,-0.908,0.449,-33.142,-32.837,-1.282
-0.046,-0.881,0.437,-41.199,-42.053,-1.831
-0.080,-0.854,0.453,-47.363,-44.312,-0.427
-0.092,-0.849,0.472,-48.401,-38.574,3.906
-0.089,-0.849,0.481,-44.922,-26.611,9.583
-0.061,-0.847,0.463,-37.903,-10.986,14.343
-0.019,-0.845,0.424,-31.433,1.953,16.907
0.003,-0.841,0.421,-29.480,8.545,17.090
0.003,-0.825,0.483,-31.616,9.644,16.296
0.007,-0.827,0.554,-33.875,12.268,16.846
0.034,-0.839,0.614,-33.875,17.212,18.738
0.067,-0.846,0.645,-31.433,22.156,20.447
0.085,-0.844,0.661,-28.931,23.071,19.653
0.081,-0.840,0.681,-28.503,18.433,17.700
0.081,-0.835,0.700,-29.358,10.315,15.991
0.084,-0.844,0.718,-29.785,1.587,13.794
0.086,-0.849,0.727,-29.602,-5.310,11.292
0.082,-0.840,0.732,-28.015,-10.742,8.606
0.069,-0.830,0.733,-25.513,-14.465,6.165
0.061,-0.817,0.715,-21.118,-14.465,4.822
0.067,-0.801,0.687,-15.747,-11.108,4.700
0.072,-0.795,0.653,-12.390,-7.629,4.639
0.068,-0.795,0.641,-11.841,-6.531,4.333
0.062,-0.790,0.633,-12.451,-6.531,4.700
0.062,-0.796,0.642,-13.245,-6.897,6.226
0.077,-0.806,0.652,-13.184,-5.920,8.057
,,,,,
0.460,-1.143,1.244,-109.436,137.207,63.721
0.493,-1.114,1.217,-91.003,117.676,46.326
0.374,-1.016,1.278,-61.523,63.171,23.437
0.237,-0.996,1.181,-37.842,17.883,4.944
0.165,-0.981,0.998,-25.391,-8.301,-3.723
0.126,-0.942,0.833,-21.973,-30.457,-6.165
0.081,-0.925,0.711,-24.658,-52.551,-9.033
0.036,-0.902,0.637,-28.076,-66.162,-11.169
-0.001,-0.865,0.593,-30.029,-65.552,-10.681
-0.019,-0.840,0.563,-29.602,-53.101,-7.812
-0.026,-0.805,0.548,-26.245,-34.973,-3.174
-0.014,-0.789,0.528,-20.508,-14.648,1.343
0.013,-0.786,0.510,-14.832,1.892,6.165
0.039,-0.786,0.529,-13.000,11.292,9.338
0.065,-0.808,0.579,-14.343,14.099,11.230
0.096,-0.836,0.646,-17.090,13.428,12.451
0.107,-0.853,0.727,-18.799,11.902,11.963
0.109,-0.864,0.784,-17.395,11.047,10.437
0.107,-0.871,0.820,-13.489,9.949,8.606
0.104,-0.870,0.823,-9.460,7.507,5.981
0.102,-0.868,0.804,-5.737,3.113,3.174
0.100,-0.868,0.775,-2.747,-4.028,0.427
0.089,-0.868,0.735,-0.427,-12.207,-2.258
0.072,-0.860,0.698,1.831,-18.921,-4.944
0.061,-0.843,0.647,4.639,-22.644,-6.531
0.045,-0.828,0.592,6.531,-24.475,-7.019
0.028,-0.825,0.548,7.507,-25.085,-6.287
0.029,-0.816,0.510,7.690,-23.865,-4.822
0.031,-0.816,0.477,6.592,-20.386,-4.028
0.031,-0.816,0.459,4.150,-15.503,-3.967
0.022,-0.810,0.472,0.854,-11.414,-3.418
0.016,-0.812,0.499,-2.014,-7.751,-2.991
0.016,-0.820,0.529,-3.540,-4.395,-2.502
0.021,-0.824,0.562,-4.395,-2.563,-2.197
0.019,-0.829,0.591,-5.188,-2.319,-2.563
0.014,-0.822,0.622,-5.005,-3.418,-2.502
0.007,-0.827,0.641,-3.723,-5.615,-2.441
0.011,-0.827,0.638,-1.587,-8.057,-2.319
0.012,-0.830,0.622,0.732,-8.972,-3.174
0.005,-0.826,0.611,1.892,-9.216,-4.822
-0.002,-0.820,0.604,2.136,-9.094,-5.859
-0.008,-0.820,0.592,2.747,-8.972,-5.554
-0.009,-0.818,0.579,3.113,-8.972,-4.761
0.000,-0.827,0.562,3.601,-8.057,-3.906
0.012,-0.833,0.556,3.479,-6.348,-3.540
0.009,-0.822,0.560,3.052,-4.517,-3.967
-0.005,-0.820,0.554,3.723,-2.686,-3.662
0.008,-0.824,0.539,4.578,-1.099,-2.014
0.019,-0.819,0.549,3.418,-1.099,-1.343
0.012,-0.826,0.570,1.526,-2.075,-1.892
0.006,-0.820,0.592,0.977,-2.563,-2.625
0.001,-0.813,0.605,2.014,-2.380,-3.479
-0.002,-0.806,0.606,3.357,-2.747,-3.418
-0.005,-0.813,0.602,3.174,-4.700,-3.418
-0.011,-0.811,0.605,1.404,-7.751,-3.662
-0.026,-0.806,0.600,0.671,-10.254,-4.211
-0.036,-0.800,0.581,0.488,-11.963,-3.906
-0.036,-0.803,0.567,1.282,-12.146,-2.930
-0.034,-0.801,0.561,2.563,-10.681,-2.441
-0.042,-0.791,0.559,3.357,-8.484,-2.136
-0.042,-0.792,0.547,5.005,-5.554,-1.343
-0.034,-0.791,0.532,5.615,-2.136,-0.244
-0.028,-0.796,0.532,3.906,-0.366,0.549
-0.024,-0.803,0.549,1.343,0.000,1.404
-0.022,-0.812,0.570,-0.305,-0.122,1.526
-0.018,-0.824,0.587,-0.793,-0.366,1.221
-0.016,-0.819,0.597,-0.183,-1.038,0.549
-0.020,-0.822,0.594,0.977,-1.770,-0.244
-0.019,-0.822,0.588,1.465,-2.869,-0.671
-0.020,-0.819,0.582,1.953,-3.479,-0.427
-0.016,-0.820,0.571,2.686,-3.479,-0.305
-0.014,-0.817,0.559,3.357,-3.174,-0.122
-0.013,-0.820,0.550,3.296,-3.052,0.122
-0.010,-0.815,0.551,2.014,-3.723,0.122
-0.023,-0.809,0.558,0.916,-4.272,0.122
-0.023,-0.806,0.555,0.793,-3.052,1.099
-0.015,-0.811,0.552,0.732,-1.282,2.563
-0.006,-0.819,0.561,-0.183,-0.427,3.113
-0.009,-0.822,0.575,-0.854,-0.366,2.991
-0.012,-0.822,0.585,-0.427,-0.549,2.747
-0.010,-0.825,0.587,0.488,-0.488,3.174
-0.004,-0.836,0.587,0.671,-0.610,3.296
0.000,-0.844,0.588,0.549,-0.977,2.441
0.001,-0.845,0.594,0.977,-1.770,1.099
-0.004,-0.845,0.589,1.953,-2.197,-0.183
-0.007,-0.837,0.584,2.930,-2.258,-0.916
-0.006,-0.822,0.579,3.967,-2.380,-1.038
-0.015,-0.817,0.568,4.150,-2.808,-1.221
-0.018,-0.810,0.559,3.845,-3.235,-1.038
-0.015,-0.809,0.552,3.296,-3.052,-0.732
-0.013,-0.806,0.552,2.136,-3.235,-0.671
-0.013,-0.808,0.557,1.038,-3.113,-0.427
-0.015,-0.810,0.562,0.366,-2.869,-0.305
-0.014,-0.814,0.572,0.061,-2.441,0.000
-0.013,-0.816,0.582,0.305,-1.465,0.000
-0.011,-0.823,0.586,1.221,-0.427,0.000
-0.008,-0.827,0.583,1.770,0.000,-0.244
-0.003,-0.831,0.581,2.319,-0.183,-0.549
-0.007,-0.829,0.580,2.502,-0.732,-1.160
-0.015,-0.822,0.578,2.808,-1.160,-1.587
-0.023,-0.818,0.574,2.625,-1.709,-1.282
-0.027,-0.818,0.564,2.075,-2.380,-0.916
-0.028,-0.816,0.561,1.526,-3.174,-0.671
-0.036,-0.816,0.567,1.038,-3.723,-0.488
-0.034,-0.816,0.572,1.099,-3.845,-0.122
-0.032,-0.812,0.579,1.221,-3.784,0.000
-0.041,-0.804,0.579,1.587,-3.601,-0.305
-0.039,-0.803,0.565,2.563,-2.869,0.366
-0.028,-0.806,0.554,2.380,-1.892,1.526
-0.015,-0.823,0.550,1.526,-1.465,2.075
-0.008,-0.820,0.571,0.977,-1.282,1.709
-0.010,-0.817,0.587,0.916,-0.854,0.854
-0.006,-0.821,0.581,1.831,-0.610,0.671
0.001,-0.825,0.569,2.197,-0.366,0.732
-0.002,-0.830,0.569,1.465,-1.038,0.122
-0.005,-0.829,0.569,1.099,-1.404,-0.305
-0.005,-0.826,0.568,1.038,-2.197,-0.610
-0.010,-0.827,0.568,0.610,-3.113,-0.854
-0.017,-0.821,0.574,0.183,-3.418,-0.916
,,,,,
0.354,-1.233,1.268,-115.662,136.536,74.707
0.454,-1.255,1.089,-107.605,131.287,60.059
0.363,-1.229,1.141,-73.975,78.308,32.410
0.199,-1.177,1.085,-37.964,24.841,4.700
0.123,-1.154,0.877,-10.437,-1.099,-15.991
0.054,-1.082,0.675,9.094,-8.911,-27.527
-0.004,-1.048,0.472,18.311,-13.733,-34.607
-0.073,-1.005,0.332,19.043,-19.775,-37.659
-0.137,-0.975,0.227,14.832,-22.583,-36.011
-0.185,-0.960,0.165,6.775,-21.301,-30.029
-0.206,-0.934,0.150,-5.554,-15.930,-20.996
-0.218,-0.912,0.175,-19.592,-5.920,-11.597
-0.207,-0.913,0.212,-32.043,1.526,-3.784
-0.200,-0.909,0.288,-40.405,3.296,-0.244
-0.202,-0.897,0.365,-42.725,4.456,0.488
-0.193,-0.900,0.420,-40.161,7.935,0.427
-0.171,-0.899,0.459,-36.560,11.780,1.465
-0.150,-0.889,0.491,-34.363,14.526,2.563
-0.142,-0.888,0.511,-32.898,13.672,3.845
-0.138,-0.885,0.539,-33.081,7.812,5.127
-0.137,-0.880,0.563,-32.410,0.183,6.348
-0.131,-0.880,0.558,-28.687,-5.432,6.897
-0.114,-0.885,0.524,-23.865,-8.545,6.897
-0.102,-0.887,0.490,-21.484,-10.071,6.042
-0.100,-0.881,0.474,-21.973,-11.047,4.700
-0.102,-0.866,0.481,-23.315,-11.902,3.906
-0.106,-0.859,0.487,-23.071,-11.292,4.395
-0.089,-0.867,0.480,-20.386,-7.629,6.348
-0.054,-0.868,0.474,-18.677,-2.930,9.277
-0.038,-0.863,0.481,-19.470,0.854,10.803
-0.032,-0.882,0.504,-22.400,1.465,11.719
-0.017,-0.892,0.544,-25.757,-0.183,12.268
-0.010,-0.915,0.586,-27.039,-2.075,10.803
-0.008,-0.926,0.617,-25.696,-2.930,7.874
-0.015,-0.930,0.631,-22.461,-3.174,4.761
-0.019,-0.930,0.622,-17.761,-3.113,1.892
-0.020,-0.923,0.600,-13.550,-3.601,-0.427
-0.025,-0.917,0.579,-10.620,-4.456,-2.319
-0.042,-0.886,0.568,-8.423,-4.517,-4.944
-0.071,-0.861,0.558,-5.859,-4.028,-6.042
-0.087,-0.844,0.545,-3.906,-3.540,-4.089
-0.090,-0.838,0.529,-3.052,-2.319,-1.221
-0.084,-0.854,0.512,-3.601,-1.587,1.404
-0.070,-0.866,0.509,-5.249,-1.343,3.418
-0.063,-0.875,0.523,-6.104,-1.526,3.235
-0.074,-0.876,0.538,-6.348,-2.380,1.648
-0.080,-0.870,0.550,-5.920,-3.113,1.038
-0.084,-0.872,0.541,-5.005,-3.418,0.427
-0.093,-0.876,0.526,-3.296,-3.845,-0.305
-0.098,-0.870,0.513,-1.953,-3.662,-0.793
-0.099,-0.860,0.505,-1.526,-2.625,-1.221
-0.105,-0.843,0.502,-1.282,-1.343,-1.526
-0.117,-0.836,0.500,-0.854,-0.427,-1.038
-0.119,-0.836,0.497,-1.465,-0.183,0.610
-0.110,-0.837,0.501,-2.991,-0.366,2.502
-0.110,-0.841,0.515,-4.639,-0.793,2.930
-0.113,-0.846,0.528,-5.676,-1.831,2.502
-0.114,-0.849,0.539,-6.042,-3.113,2.686
-0.108,-0.854,0.543,-5.188,-3.845,2.991
-0.100,-0.860,0.536,-3.601,-3.784,3.113
-0.092,-0.863,0.525,-1.770,-3.723,2.869
-0.082,-0.860,0.505,-0.122,-2.502,2.625
-0.075,-0.854,0.493,0.244,-0.854,1.953
-0.077,-0.854,0.494,-0.916,-0.610,1.892
-0.081,-0.842,0.513,-3.479,-1.099,2.380
-0.088,-0.843,0.536,-5.432,-1.892,3.601
-0.084,-0.850,0.552,-6.104,-2.625,4.944
-0.074,-0.855,0.565,-5.371,-2.625,5.432
-0.072,-0.860,0.563,-3.906,-1.648,4.700
-0.069,-0.856,0.562,-2.319,-0.977,3.662
-0.074,-0.854,0.555,-1.221,-0.916,2.686
-0.073,-0.858,0.542,0.488,-0.427,2.014
-0.064,-0.860,0.536,2.258,1.404,1.770
-0.059,-0.861,0.529,2.930,3.967,1.282
-0.049,-0.862,0.524,4.089,6.653,1.160
-0.048,-0.848,0.529,4.761,8.728,1.526
-0.055,-0.851,0.536,4.089,8.240,1.953
-0.052,-0.856,0.550,2.380,6.592,2.686
-0.045,-0.864,0.565,1.770,5.066,3.235
-0.038,-0.870,0.573,2.136,4.761,2.319
-0.038,-0.875,0.574,3.845,5.371,1.038
-0.038,-0.872,0.564,5.615,5.981,-0.427
-0.052,-0.869,0.559,7.019,6.165,-2.014
-0.072,-0.859,0.555,7.690,5.615,-3.174
-0.089,-0.848,0.543,8.179,4.944,-3.601
-0.108,-0.847,0.527,8.301,3.540,-3.052
-0.108,-0.840,0.516,8.301,2.014,-1.709
-0.109,-0.841,0.503,7.629,0.732,-0.916
-0.110,-0.846,0.500,5.981,-0.305,-0.427
-0.110,-0.849,0.500,4.700,-0.977,0.305
-0.101,-0.851,0.500,3.906,-1.648,0.793
-0.099,-0.851,0.509,3.967,-1.221,1.038
-0.091,-0.851,0.512,5.005,0.427,1.587
-0.079,-0.855,0.511,5.859,2.258,2.197
-0.070,-0.858,0.511,6.348,3.174,2.258
-0.068,-0.862,0.508,6.348,2.991,1.709
-0.062,-0.862,0.504,6.409,2.380,1.099
-0.064,-0.862,0.500,6.287,1.343,0.610
-0.071,-0.858,0.502,4.761,-0.122,0.244
-0.078,-0.858,0.503,3.662,-1.526,0.366
-0.074,-0.867,0.501,3.662,-1.953,0.916
-0.069,-0.869,0.500,4.150,-1.465,0.854
-0.075,-0.869,0.500,3.967,-0.916,-0.183
-0.079,-0.858,0.507,4.150,-1.099,-0.488
-0.083,-0.854,0.508,4.028,-1.343,-0.427
-0.074,-0.863,0.500,4.089,-1.282,0.244
-0.061,-0.866,0.498,4.272,-0.793,0.549
-0.058,-0.861,0.499,4.333,-0.305,-0.061
-0.061,-0.858,0.496,4.456,0.366,-0.305
-0.060,-0.861,0.494,3.845,0.244,0.366
-0.061,-0.865,0.500,2.563,-0.610,0.916
-0.059,-0.871,0.508,1.709,-0.854,0.916
-0.056,-0.874,0.517,1.953,-0.427,0.671
-0.056,-0.870,0.527,2.869,0.732,0.244
-0.061,-0.868,0.534,4.456,3.052,0.122
-0.060,-0.867,0.540,5.859,4.211,0.977
-0.059,-0.860,0.561,6.592,4.395,2.258
-0.055,-0.859,0.586,7.690,3.967,4.333
-0.041,-0.875,0.598,8.972,3.235,7.019
,,,,,
0.217,-0.973,1.843,-143.372,195.740,97.717
0.537,-1.029,1.400,-166.199,252.563,115.234
0.602,-1.204,1.543,-130.615,189.331,94.910
0.396,-1.199,1.736,-87.158,90.576,61.218
0.357,-1.145,1.567,-55.115,28.259,25.330
0.261,-1.124,1.289,-26.550,-11.169,-3.723
0.173,-1.041,1.025,-12.634,-50.354,-25.452
0.068,-0.979,0.808,-9.338,-89.966,-42.236
-0.065,-0.936,0.675,-7.629,-119.324,-49.744
-0.162,-0.879,0.584,-2.441,-122.681,-46.204
-0.192,-0.825,0.459,4.456,-99.243,-35.706
-0.165,-0.820,0.294,9.521,-61.462,-22.522
-0.127,-0.819,0.178,6.714,-23.926,-10.254
-0.075,-0.794,0.130,-4.211,2.075,-2.686
-0.058,-0.789,0.153,-17.456,12.085,0.061
-0.054,-0.793,0.212,-29.114,10.498,1.465
-0.073,-0.779,0.307,-37.354,3.479,2.686
-0.104,-0.795,0.414,-39.856,-0.854,5.066
-0.104,-0.830,0.511,-39.001,3.357,10.132
-0.072,-0.863,0.578,-37.048,17.395,15.564
-0.036,-0.883,0.615,-34.851,31.860,17.883
-0.030,-0.885,0.645,-31.677,38.574,16.052
-0.050,-0.877,0.680,-28.625,36.682,10.864
-0.090,-0.854,0.719,-26.489,30.884,5.188
-0.121,-0.836,0.737,-24.170,25.513,0.977
-0.148,-0.817,0.741,-21.484,21.362,-1.160
-0.167,-0.810,0.736,-19.104,16.602,-1.404
-0.168,-0.809,0.722,-16.541,12.207,-0.305
-0.153,-0.816,0.707,-14.709,8.484,0.854
-0.143,-0.824,0.697,-14.465,5.005,1.160
-0.140,-0.833,0.686,-15.076,1.648,1.099
-0.131,-0.825,0.685,-14.954,-1.465,1.038
-0.127,-0.825,0.682,-13.916,-4.517,0.977
-0.120,-0.833,0.676,-13.184,-7.263,1.038
-0.091,-0.842,0.668,-12.817,-9.521,0.977
-0.069,-0.835,0.666,-11.902,-11.292,0.000
-0.077,-0.809,0.672,-10.376,-12.573,-1.343
-0.086,-0.798,0.654,-6.958,-12.085,-0.549
-0.066,-0.795,0.626,-4.517,-9.644,3.052
-0.036,-0.809,0.600,-3.906,-7.019,5.920
-0.025,-0.821,0.602,-4.456,-5.127,6.104
-0.019,-0.826,0.607,-4.333,-3.601,5.432
-0.020,-0.824,0.610,-3.418,-2.625,4.211
-0.024,-0.826,0.606,-2.197,-1.770,2.625
-0.031,-0.828,0.601,-1.709,-0.916,1.404
-0.041,-0.827,0.603,-2.075,-0.427,0.244
-0.053,-0.826,0.605,-2.319,0.061,-0.610
-0.064,-0.828,0.607,-2.380,0.854,-1.404
-0.075,-0.822,0.609,-1.465,1.648,-1.892
-0.089,-0.809,0.613,-0.610,1.587,-2.319
-0.102,-0.798,0.609,0.732,1.770,-2.197
-0.116,-0.797,0.596,0.793,1.343,-1.892
-0.124,-0.796,0.590,-0.610,-0.122,-1.465
-0.134,-0.798,0.597,-2.319,-2.258,-0.977
-0.144,-0.800,0.599,-3.174,-3.784,-0.732
-0.142,-0.795,0.598,-2.258,-3.540,-0.183
-0.143,-0.785,0.599,-1.404,-3.174,0.305
-0.141,-0.784,0.599,-1.343,-3.296,0.793
-0.130,-0.785,0.599,-1.526,-3.296,1.404
-0.116,-0.786,0.602,-1.770,-2.747,1.587
-0.104,-0.788,0.603,-2.258,-2.747,1.526
-0.101,-0.786,0.609,-2.502,-2.869,1.343
-0.102,-0.783,0.614,-2.441,-3.235,1.160
-0.102,-0.784,0.614,-1.892,-2.869,1.221
-0.101,-0.783,0.618,-0.854,-2.136,1.526
-0.095,-0.788,0.620,-0.183,-1.038,1.770
-0.093,-0.780,0.621,0.854,0.244,1.770
-0.091,-0.786,0.615,1.526,1.526,1.892
-0.089,-0.781,0.610,1.587,1.831,2.502
-0.090,-0.786,0.606,1.160,1.282,2.991
-0.086,-0.796,0.609,0.793,0.488,3.784
-0.082,-0.796,0.611,0.122,-0.244,4.150
-0.084,-0.802,0.616,-0.061,-0.732,3.662
-0.091,-0.802,0.615,1.038,-0.549,2.991
-0.102,-0.802,0.610,2.197,0.366,2.014
-0.102,-0.799,0.606,2.563,0.427,1.587
-0.099,-0.800,0.603,2.136,-0.183,1.038
-0.091,-0.803,0.599,1.526,-0.793,0.488
-0.095,-0.791,0.601,1.587,-1.160,0.122
-0.100,-0.788,0.590,1.892,-1.709,0.122
-0.102,-0.779,0.581,1.648,-2.747,1.038
-0.105,-0.785,0.574,1.343,-2.808,2.136
-0.095,-0.790,0.576,0.732,-1.953,3.113
-0.086,-0.789,0.592,-0.244,-1.038,3.662
-0.081,-0.798,0.600,0.061,0.244,3.113
-0.078,-0.798,0.608,0.427,1.038,2.258
-0.077,-0.798,0.611,0.427,1.221,1.404
-0.076,-0.802,0.614,0.305,0.549,1.038
-0.073,-0.803,0.607,0.916,0.183,0.610
-0.073,-0.802,0.595,1.282,0.671,0.244
-0.078,-0.802,0.590,0.793,0.366,0.000
-0.087,-0.792,0.600,-0.366,-0.916,0.061
-0.097,-0.789,0.606,-0.488,-1.953,0.671
-0.095,-0.795,0.600,0.061,-1.770,1.526
-0.088,-0.804,0.596,0.061,-1.221,1.648
-0.088,-0.802,0.604,-0.488,-1.099,1.038
-0.094,-0.802,0.614,-0.305,-1.160,-0.061
-0.094,-0.801,0.611,0.793,-0.305,-0.610
-0.089,-0.795,0.605,1.709,0.366,-0.854
-0.092,-0.792,0.607,1.221,-0.122,-0.977
-0.093,-0.787,0.611,0.366,-1.099,-0.732
-0.093,-0.787,0.614,0.244,-1.892,-0.061
-0.087,-0.786,0.611,0.244,-1.770,0.977
-0.081,-0.788,0.610,0.671,-1.221,1.404
-0.076,-0.791,0.613,0.854,-0.793,1.282
-0.074,-0.792,0.619,1.099,-0.122,1.465
-0.073,-0.795,0.619,1.709,0.916,1.465
-0.070,-0.797,0.628,1.953,1.099,1.160
-0.072,-0.794,0.639,2.075,0.977,1.038
-0.070,-0.796,0.647,2.686,1.587,1.099
-0.057,-0.801,0.646,3.540,2.319,1.709
-0.047,-0.807,0.651,3.967,2.319,1.892
-0.046,-0.810,0.663,4.822,1.953,1.892
-0.047,-0.802,0.696,6.409,2.441,2.258
-0.044,-0.805,0.719,9.155,3.540,3.296
-0.033,-0.803,0.733,12.695,5.798,4.883
-0.013,-0.741,0.796,17.456,9.827,6.287
-0.005,-0.812,0.790,23.926,15.625,8.240
0.013,-0.780,0.851,26.367,18.921,12.329
,,,,,
0.483,-1.160,1.073,75.806,99.976,15.259
0.469,-1.214,1.053,80.627,86.487,-1.160
0.429,-1.171,1.061,87.402,66.345,-17.578
0.350,-1.163,0.993,97.168,46.143,-31.799
0.286,-1.121,0.872,106.689,28.503,-42.358
0.191,-1.070,0.827,112.549,13.794,-48.828
0.146,-1.050,0.741,119.629,6.226,-50.415
0.115,-1.031,0.661,125.610,5.249,-50.537
0.068,-0.996,0.591,128.235,8.057,-51.270
0.020,-0.974,0.546,127.930,9.155,-51.270
0.005,-0.961,0.499,124.573,5.493,-50.476
0.000,-0.933,0.474,122.009,0.427,-52.124
-0.016,-0.909,0.476,122.253,-2.686,-56.335
-0.017,-0.900,0.439,121.155,-5.005,-61.035
-0.048,-0.856,0.450,120.605,-9.583,-67.566
-0.082,-0.837,0.452,122.803,-15.503,-72.510
-0.079,-0.848,0.363,125.488,-20.447,-75.073
-0.097,-0.814,0.289,127.197,-27.161,-80.200
-0.143,-0.776,0.268,127.136,-34.912,-86.243
-0.146,-0.751,0.217,125.977,-40.649,-88.379
-0.160,-0.763,0.127,124.512,-46.204,-89.233
-0.194,-0.713,0.089,125.183,-52.612,-90.820
-0.202,-0.694,0.026,129.639,-54.504,-92.712
-0.197,-0.686,-0.104,133.362,-52.734,-94.360
-0.226,-0.617,-0.171,132.874,-53.528,-96.619
-0.257,-0.596,-0.244,128.540,-54.626,-97.046
-0.256,-0.601,-0.373,121.216,-56.458,-96.436
-0.318,-0.589,-0.396,111.633,-60.608,-97.168
-0.378,-0.585,-0.407,102.905,-61.096,-96.252
-0.377,-0.595,-0.471,96.741,-59.753,-94.971
-0.412,-0.565,-0.497,91.919,-64.026,-94.727
-0.452,-0.526,-0.507,88.379,-69.519,-94.299
-0.488,-0.535,-0.557,85.022,-72.815,-93.750
-0.498,-0.546,-0.630,79.224,-80.078,-92.957
-0.531,-0.529,-0.676,70.313,-94.543,-90.942
-0.564,-0.499,-0.691,59.998,-110.596,-88.379
-0.601,-0.484,-0.704,49.438,-121.826,-84.229
-0.595,-0.536,-0.765,39.978,-128.784,-77.148
-0.568,-0.556,-0.812,29.297,-134.399,-71.045
-0.578,-0.529,-0.815,18.799,-137.634,-65.979
-0.576,-0.525,-0.852,13.245,-134.949,-59.021
-0.557,-0.520,-0.906,11.658,-125.854,-49.927
-0.532,-0.525,-0.982,13.672,-110.168,-38.879
-0.505,-0.529,-1.063,15.259,-88.928,-26.917
-0.496,-0.533,-1.137,10.437,-66.895,-14.160
-0.466,-0.567,-1.135,-0.732,-46.875,-2.808
-0.430,-0.590,-1.071,-14.954,-29.541,5.737
-0.416,-0.623,-0.980,-26.428,-14.282,11.780
-0.420,-0.662,-0.894,-33.325,-1.282,16.235
-0.417,-0.687,-0.831,-37.415,11.658,19.409
-0.422,-0.731,-0.773,-41.260,24.109,21.912
-0.400,-0.748,-0.723,-45.532,33.997,24.719
-0.365,-0.768,-0.684,-49.377,41.260,26.123
-0.345,-0.769,-0.647,-52.979,42.969,25.024
-0.337,-0.760,-0.614,-54.321,40.283,21.545
-0.358,-0.757,-0.612,-52.429,35.461,16.418
-0.440,-0.791,-0.623,-46.631,31.250,11.169
-0.400,-0.773,-0.655,-47.363,29.785,10.803
-0.400,-0.755,-0.660,-57.495,26.917,11.658
-0.425,-0.750,-0.636,-70.435,21.973,11.658
-0.445,-0.744,-0.569,-83.008,17.456,12.512
-0.453,-0.752,-0.505,-93.140,15.747,12.512
-0.461,-0.766,-0.445,-100.281,15.991,10.803
-0.476,-0.744,-0.374,-104.492,16.602,7.935
-0.474,-0.716,-0.296,-105.225,15.930,5.432
-0.508,-0.710,-0.235,-103.760,14.282,5.432
-0.521,-0.740,-0.190,-101.257,13.855,8.301
-0.470,-0.784,-0.167,-100.037,15.259,12.756
-0.433,-0.802,-0.169,-101.074,16.235,16.663
-0.400,-0.812,-0.151,-103.271,16.724,16.846
-0.408,-0.853,-0.130,-106.873,18.372,13.794
-0.369,-0.881,-0.099,-109.009,20.569,9.888
-0.379,-0.887,-0.099,-111.145,22.766,7.324
-0.377,-0.866,-0.066,-114.075,26.184,2.625
-0.337,-0.880,-0.036,-115.295,35.217,-2.991
-0.361,-0.868,-0.027,-116.760,46.082,-7.812
-0.321,-0.846,0.046,-117.432,54.321,-11.536
-0.357,-0.742,0.139,-116.272,61.401,-9.949
-0.318,-0.718,0.180,-113.586,63.477,-3.174
-0.308,-0.714,0.182,-111.755,58.228,4.272
-0.315,-0.710,0.198,-112.000,47.974,11.292
-0.340,-0.720,0.185,-111.877,36.072,16.541
-0.384,-0.805,0.143,-113.708,28.809,19.287
-0.398,-0.854,0.144,-117.676,27.039,19.165
-0.387,-0.873,0.127,-121.765,30.701,19.897
-0.490,-0.852,0.155,-132.202,35.461,21.301
-0.484,-1.004,0.568,-134.888,72.693,29.297
-0.430,-0.763,0.427,-143.494,121.338,42.969
-0.341,-0.541,0.443,-150.085,139.709,57.129
-0.341,-0.448,0.621,-141.846,145.630,66.406
-0.367,-0.467,0.905,-122.498,155.334,66.956
-0.392,-0.723,0.857,-108.765,190.308,67.993
-0.368,-0.897,0.583,-111.389,230.286,75.439
-0.150,-0.856,-0.082,-111.938,243.896,88.562
0.019,-0.719,-0.348,-83.313,197.388,95.520
0.006,-0.727,0.250,-87.402,112.671,79.102
-0.042,-0.699,0.584,-105.530,74.036,55.115
0.056,-0.600,0.583,-99.792,83.740,34.485
0.099,-0.576,0.553,-74.036,104.492,11.414
0.029,-0.649,0.550,-49.622,121.155,-10.315
0.063,-0.684,0.686,-15.747,145.874,-15.869
0.124,-0.611,0.691,36.316,176.147,-4.639
0.200,-0.648,0.736,62.988,192.749,5.676
0.273,-0.680,0.696,108.337,198.303,11.719
0.481,-1.165,0.453,208.862,224.548,13.062
-0.195,-1.085,0.374,125.732,154.541,10.376
0.115,-0.940,0.661,-53.162,34.302,17.212
0.271,-0.812,0.568,-74.158,-2.625,29.724
0.297,-0.834,0.338,-32.593,-12.878,22.461
0.252,-0.951,0.252,-29.785,-33.081,7.812
0.149,-0.987,0.199,-32.043,-61.829,12.756
0.054,-0.813,0.327,-4.211,-101.013,35.706
0.030,-0.546,0.719,1.892,-147.278,60.181
0.059,-0.428,1.063,-16.846,-169.312,67.139
0.179,-0.498,1.222,-39.795,-155.762,50.964
0.270,-0.611,1.128,-78.064,-121.582,22.827
0.283,-0.652,0.820,-124.939,-91.064,-6.287
0.138,-0.806,0.568,-143.005,-90.454,-39.612
-0.014,-1.037,0.473,-119.202,-117.859,-65.857
,,,,,
-0.324,-0.545,1.229,-149.048,15.320,29.846
-0.227,-0.383,0.671,-125.488,55.054,51.392
-0.256,-0.528,1.027,-122.742,46.509,33.020
-0.167,-0.397,0.965,-110.229,49.438,24.536
-0.282,-0.416,0.995,-88.257,54.504,13.000
-0.308,-0.379,0.986,-66.528,55.359,-4.211
-0.424,-0.390,0.955,-37.720,56.274,-14.954
-0.545,-0.388,0.848,-12.085,55.237,-19.409
-0.574,-0.406,0.779,5.371,50.842,-17.334
-0.561,-0.382,0.801,7.507,41.565,-12.756
-0.459,-0.386,0.797,6.958,34.058,-8.484
-0.409,-0.377,0.779,1.587,29.907,-4.517
-0.438,-0.333,0.773,-11.169,26.306,0.549
-0.464,-0.326,0.804,-19.897,25.879,5.493
-0.465,-0.305,0.787,-20.081,30.151,9.033
-0.325,-0.345,0.760,-17.151,37.048,12.695
-0.274,-0.353,0.806,-23.376,45.044,18.372
-0.220,-0.347,0.886,-29.480,52.795,20.996
-0.195,-0.363,0.877,-25.879,60.181,19.165
-0.226,-0.348,0.903,-26.001,65.247,16.296
-0.297,-0.359,0.901,-28.015,66.772,12.390
-0.362,-0.349,0.941,-28.931,64.392,10.193
-0.466,-0.366,0.958,-23.621,59.448,7.751
-0.491,-0.361,0.979,-11.780,50.781,4.639
-0.454,-0.344,0.975,4.944,40.710,2.319
-0.292,-0.375,0.977,20.813,32.104,0.671
-0.170,-0.354,0.965,29.846,25.208,-0.427
-0.179,-0.363,0.979,40.039,19.592,-1.953
-0.286,-0.346,0.891,57.556,17.578,-0.183
-0.268,-0.331,0.818,62.866,16.541,4.578
-0.251,-0.372,0.866,44.128,11.353,5.249
-0.243,-0.413,0.914,32.837,8.728,3.967
-0.225,-0.428,0.860,34.851,8.118,2.441
-0.193,-0.412,0.873,29.053,4.456,3.662
-0.247,-0.402,0.888,23.560,1.282,3.540
-0.234,-0.433,0.860,20.264,-1.282,0.610
-0.234,-0.406,0.869,9.705,-5.920,-0.244
-0.269,-0.407,0.854,4.517,-7.263,2.075
-0.311,-0.397,0.875,-0.122,-8.850,4.150
-0.328,-0.377,0.877,-1.038,-9.827,5.493
-0.294,-0.395,0.835,5.249,-7.324,6.897
-0.292,-0.399,0.860,5.615,-5.676,8.972
-0.296,-0.387,0.866,5.432,-5.127,8.972
-0.252,-0.386,0.842,5.798,-4.517,9.521
-0.240,-0.404,0.843,2.869,-3.479,11.292
-0.229,-0.424,0.833,0.732,-1.282,10.803
-0.233,-0.437,0.844,-4.272,-0.366,9.766
-0.230,-0.456,0.848,-5.188,1.038,9.521
-0.236,-0.425,0.829,-8.423,1.587,10.315
-0.209,-0.405,0.852,-12.817,2.319,10.437
-0.184,-0.385,0.838,-16.174,4.761,9.033
-0.184,-0.417,0.879,-22.156,6.592,5.798
-0.232,-0.448,0.886,-28.687,6.531,3.540
-0.267,-0.424,0.872,-29.785,5.249,2.563
-0.288,-0.420,0.883,-29.114,3.235,2.563
-0.280,-0.394,0.885,-27.588,1.404,2.441
-0.251,-0.380,0.871,-24.109,1.221,1.648
-0.210,-0.369,0.866,-22.949,2.563,1.465
-0.174,-0.357,0.872,-23.132,5.249,0.916
-0.185,-0.374,0.904,-22.827,8.850,-0.244
-0.202,-0.384,0.920,-20.630,11.475,-2.014
-0.230,-0.388,0.910,-15.625,12.451,-4.272
-0.284,-0.367,0.921,-13.977,10.742,-5.249
-0.308,-0.342,0.913,-10.315,8.301,-5.310
-0.277,-0.338,0.905,-5.310,6.897,-4.822
-0.240,-0.343,0.895,-3.723,5.676,-4.272
-0.215,-0.345,0.864,-3.174,5.920,-3.357
-0.175,-0.365,0.856,-5.737,7.324,-1.526
-0.150,-0.356,0.879,-10.803,9.033,1.160
-0.136,-0.361,0.895,-15.564,10.681,2.563
-0.138,-0.355,0.925,-18.738,11.353,2.380
-0.162,-0.347,0.927,-19.348,12.085,0.854
-0.167,-0.348,0.935,-17.761,11.841,-0.549
-0.199,-0.347,0.922,-16.479,11.047,-1.465
-0.230,-0.336,0.913,-12.268,11.475,-1.709
-0.263,-0.293,0.889,-7.751,12.390,-0.610
-0.254,-0.291,0.888,-6.714,13.367,0.122
-0.257,-0.313,0.925,-10.315,13.916,0.244
-0.276,-0.331,0.943,-11.292,12.451,-0.610
-0.257,-0.319,0.929,-7.202,10.681,-1.465
-0.207,-0.329,0.914,-4.211,9.399,-1.404
-0.119,-0.327,0.926,-5.310,8.179,-0.916
-0.112,-0.324,0.940,-6.409,7.996,-0.854
-0.164,-0.316,0.922,-3.540,9.399,-1.282
-0.195,-0.325,0.921,-1.648,9.277,-1.343
-0.189,-0.303,0.924,-6.287,6.531,-2.014
-0.197,-0.321,0.892,-5.676,7.019,-1.953
-0.245,-0.319,0.894,-9.949,6.592,-1.404
-0.266,-0.313,0.915,-15.503,5.310,-0.549
-0.226,-0.317,0.907,-14.465,5.737,-0.732
-0.177,-0.319,0.918,-13.428,6.836,-0.793
-0.143,-0.306,0.931,-13.123,8.118,-1.099
-0.151,-0.301,0.953,-10.986,9.583,-1.221
-0.178,-0.302,0.972,-6.409,10.315,-2.014
-0.210,-0.302,0.974,2.502,10.315,-3.601
-0.194,-0.301,0.957,13.489,10.498,-5.798
-0.196,-0.313,0.896,21.729,10.681,-7.080
-0.208,-0.328,0.846,19.348,10.620,-5.676
-0.213,-0.308,0.884,5.798,8.972,-1.892
-0.148,-0.322,0.910,-4.944,7.812,-1.099
-0.081,-0.336,0.873,-8.423,8.850,-1.282
-0.101,-0.327,0.883,-17.517,8.972,0.122
-0.180,-0.274,0.932,-26.917,8.484,2.808
-0.217,-0.274,0.953,-27.466,9.460,2.563
-0.194,-0.281,0.943,-23.010,10.376,0.244
-0.182,-0.277,0.950,-19.165,10.315,-1.282
-0.184,-0.278,0.944,-15.320,10.742,-2.014
-0.170,-0.275,0.940,-12.512,11.353,-2.258
-0.170,-0.276,0.951,-11.108,11.353,-2.563
-0.199,-0.274,0.943,-9.521,10.986,-2.563
-0.207,-0.263,0.910,-8.728,10.010,-2.502
-0.130,-0.278,0.871,-12.878,9.094,-1.343
-0.073,-0.266,0.940,-25.146,7.446,1.465
-0.117,-0.254,0.955,-29.785,7.690,1.892
-0.141,-0.246,0.963,-30.151,6.958,0.732
-0.099,-0.236,0.946,-27.832,6.531,0.366
-0.163,-0.245,0.970,-28.320,6.226,0.305
-0.198,-0.237,0.990,-28.381,4.517,0.122
-0.203,-0.246,0.966,-21.851,3.601,-0.549